TRANSCRIPT_ID	DEPTH
AAAAAAAAAAAAAAAA_A	10
AAAAAAAAAAAAAAAA_B	10
AAAAAAAAAAAAAAAC_A	10
AAAAAAAAAAAAAAAC_B	10
AAAAAAAAAAAAAAAG_A	10
AAAAAAAAAAAAAAAG_B	10
AAAAAAAAAAAAAAAT_A	10
AAAAAAAAAAAAAAAT_B	10
AAAAAAAAAAAAAACA_A	10
AAAAAAAAAAAAAACA_B	10
AAAAAAAAAAAAAACC_A	10
AAAAAAAAAAAAAACC_B	10
AAAAAAAAAAAAAACG_A	10
AAAAAAAAAAAAAACG_B	10
AAAAAAAAAAAAAACT_A	10
AAAAAAAAAAAAAACT_B	10
AAAAAAAAAAAAAAGA_A	10
AAAAAAAAAAAAAAGA_B	10
AAAAAAAAAAAAAAGC_A	10
AAAAAAAAAAAAAAGC_B	10
AAAAAAAAAAAAAAGG_A	10
AAAAAAAAAAAAAAGG_B	10
AAAAAAAAAAAAAAGT_A	10
AAAAAAAAAAAAAAGT_B	10
AAAAAAAAAAAAAATA_A	10
AAAAAAAAAAAAAATA_B	10
AAAAAAAAAAAAAATC_A	10
AAAAAAAAAAAAAATC_B	10
AAAAAAAAAAAAAATG_A	10
AAAAAAAAAAAAAATG_B	10
AAAAAAAAAAAAAATT_A	10
AAAAAAAAAAAAAATT_B	10
AAAAAAAAAAAAACAA_A	10
AAAAAAAAAAAAACAA_B	10
AAAAAAAAAAAAACAC_A	10
AAAAAAAAAAAAACAC_B	10
AAAAAAAAAAAAACAG_A	10
AAAAAAAAAAAAACAG_B	10
AAAAAAAAAAAAACAT_A	10
AAAAAAAAAAAAACAT_B	10
AAAAAAAAAAAAACCA_A	10
AAAAAAAAAAAAACCA_B	10
AAAAAAAAAAAAACCC_A	10
AAAAAAAAAAAAACCC_B	10
AAAAAAAAAAAAACCG_A	10
AAAAAAAAAAAAACCG_B	10
AAAAAAAAAAAAACCT_A	10
AAAAAAAAAAAAACCT_B	10
AAAAAAAAAAAAACGA_A	10
AAAAAAAAAAAAACGA_B	10
AAAAAAAAAAAAACGC_A	10
AAAAAAAAAAAAACGC_B	10
AAAAAAAAAAAAACGG_A	10
AAAAAAAAAAAAACGG_B	10
AAAAAAAAAAAAACGT_A	10
AAAAAAAAAAAAACGT_B	10
AAAAAAAAAAAAACTA_A	10
AAAAAAAAAAAAACTA_B	10
AAAAAAAAAAAAACTC_A	10
AAAAAAAAAAAAACTC_B	10
AAAAAAAAAAAAACTG_A	10
AAAAAAAAAAAAACTG_B	10
AAAAAAAAAAAAACTT_A	10
AAAAAAAAAAAAACTT_B	10
AAAAAAAAAAAAAGAA_A	10
AAAAAAAAAAAAAGAA_B	10
AAAAAAAAAAAAAGAC_A	10
AAAAAAAAAAAAAGAC_B	10
AAAAAAAAAAAAAGAG_A	10
AAAAAAAAAAAAAGAG_B	10
AAAAAAAAAAAAAGAT_A	10
AAAAAAAAAAAAAGAT_B	10
AAAAAAAAAAAAAGCA_A	10
AAAAAAAAAAAAAGCA_B	10
AAAAAAAAAAAAAGCC_A	10
AAAAAAAAAAAAAGCC_B	10
AAAAAAAAAAAAAGCG_A	10
AAAAAAAAAAAAAGCG_B	10
AAAAAAAAAAAAAGCT_A	10
AAAAAAAAAAAAAGCT_B	10
AAAAAAAAAAAAAGGA_A	10
AAAAAAAAAAAAAGGA_B	10
AAAAAAAAAAAAAGGC_A	10
AAAAAAAAAAAAAGGC_B	10
AAAAAAAAAAAAAGGG_A	10
AAAAAAAAAAAAAGGG_B	10
AAAAAAAAAAAAAGGT_A	10
AAAAAAAAAAAAAGGT_B	10
AAAAAAAAAAAAAGTA_A	10
AAAAAAAAAAAAAGTA_B	10
AAAAAAAAAAAAAGTC_A	10
AAAAAAAAAAAAAGTC_B	10
AAAAAAAAAAAAAGTG_A	10
AAAAAAAAAAAAAGTG_B	10
AAAAAAAAAAAAAGTT_A	10
AAAAAAAAAAAAAGTT_B	10
AAAAAAAAAAAAATAA_A	10
AAAAAAAAAAAAATAA_B	10
AAAAAAAAAAAAATAC_A	10
AAAAAAAAAAAAATAC_B	10
AAAAAAAAAAAAATAG_A	10
AAAAAAAAAAAAATAG_B	10
AAAAAAAAAAAAATAT_A	10
AAAAAAAAAAAAATAT_B	10
AAAAAAAAAAAAATCA_A	10
AAAAAAAAAAAAATCA_B	10
AAAAAAAAAAAAATCC_A	10
AAAAAAAAAAAAATCC_B	10
AAAAAAAAAAAAATCG_A	10
AAAAAAAAAAAAATCG_B	10
AAAAAAAAAAAAATCT_A	10
AAAAAAAAAAAAATCT_B	10
AAAAAAAAAAAAATGA_A	10
AAAAAAAAAAAAATGA_B	10
AAAAAAAAAAAAATGC_A	10
AAAAAAAAAAAAATGC_B	10
AAAAAAAAAAAAATGG_A	10
AAAAAAAAAAAAATGG_B	10
AAAAAAAAAAAAATGT_A	10
AAAAAAAAAAAAATGT_B	10
AAAAAAAAAAAAATTA_A	10
AAAAAAAAAAAAATTA_B	10
AAAAAAAAAAAAATTC_A	10
AAAAAAAAAAAAATTC_B	10
AAAAAAAAAAAAATTG_A	10
AAAAAAAAAAAAATTG_B	10
AAAAAAAAAAAAATTT_A	10
AAAAAAAAAAAAATTT_B	10
AAAAAAAAAAAACAAA_A	10
AAAAAAAAAAAACAAA_B	10
AAAAAAAAAAAACAAC_A	10
AAAAAAAAAAAACAAC_B	10
AAAAAAAAAAAACAAG_A	10
AAAAAAAAAAAACAAG_B	10
AAAAAAAAAAAACAAT_A	10
AAAAAAAAAAAACAAT_B	10
AAAAAAAAAAAACACA_A	10
AAAAAAAAAAAACACA_B	10
AAAAAAAAAAAACACC_A	10
AAAAAAAAAAAACACC_B	10
AAAAAAAAAAAACACG_A	10
AAAAAAAAAAAACACG_B	10
AAAAAAAAAAAACACT_A	10
AAAAAAAAAAAACACT_B	10
AAAAAAAAAAAACAGA_A	10
AAAAAAAAAAAACAGA_B	10
AAAAAAAAAAAACAGC_A	10
AAAAAAAAAAAACAGC_B	10
AAAAAAAAAAAACAGG_A	10
AAAAAAAAAAAACAGG_B	10
AAAAAAAAAAAACAGT_A	10
AAAAAAAAAAAACAGT_B	10
AAAAAAAAAAAACATA_A	10
AAAAAAAAAAAACATA_B	10
AAAAAAAAAAAACATC_A	10
AAAAAAAAAAAACATC_B	10
AAAAAAAAAAAACATG_A	10
AAAAAAAAAAAACATG_B	10
AAAAAAAAAAAACATT_A	10
AAAAAAAAAAAACATT_B	10
AAAAAAAAAAAACCAA_A	10
AAAAAAAAAAAACCAA_B	10
AAAAAAAAAAAACCAC_A	10
AAAAAAAAAAAACCAC_B	10
AAAAAAAAAAAACCAG_A	10
AAAAAAAAAAAACCAG_B	10
AAAAAAAAAAAACCAT_A	10
AAAAAAAAAAAACCAT_B	10
AAAAAAAAAAAACCCA_A	10
AAAAAAAAAAAACCCA_B	10
AAAAAAAAAAAACCCC_A	10
AAAAAAAAAAAACCCC_B	10
AAAAAAAAAAAACCCG_A	10
AAAAAAAAAAAACCCG_B	10
AAAAAAAAAAAACCCT_A	10
AAAAAAAAAAAACCCT_B	10
AAAAAAAAAAAACCGA_A	10
AAAAAAAAAAAACCGA_B	10
AAAAAAAAAAAACCGC_A	10
AAAAAAAAAAAACCGC_B	10
AAAAAAAAAAAACCGG_A	10
AAAAAAAAAAAACCGG_B	10
AAAAAAAAAAAACCGT_A	10
AAAAAAAAAAAACCGT_B	10
AAAAAAAAAAAACCTA_A	10
AAAAAAAAAAAACCTA_B	10
AAAAAAAAAAAACCTC_A	10
AAAAAAAAAAAACCTC_B	10
AAAAAAAAAAAACCTG_A	10
AAAAAAAAAAAACCTG_B	10
AAAAAAAAAAAACCTT_A	10
AAAAAAAAAAAACCTT_B	10
AAAAAAAAAAAACGAA_A	10
AAAAAAAAAAAACGAA_B	10
AAAAAAAAAAAACGAC_A	10
AAAAAAAAAAAACGAC_B	10
AAAAAAAAAAAACGAG_A	10
AAAAAAAAAAAACGAG_B	10
AAAAAAAAAAAACGAT_A	10
AAAAAAAAAAAACGAT_B	10
AAAAAAAAAAAACGCA_A	10
AAAAAAAAAAAACGCA_B	10
AAAAAAAAAAAACGCC_A	10
AAAAAAAAAAAACGCC_B	10
AAAAAAAAAAAACGCG_A	10
AAAAAAAAAAAACGCG_B	10
AAAAAAAAAAAACGCT_A	10
AAAAAAAAAAAACGCT_B	10
AAAAAAAAAAAACGGA_A	10
AAAAAAAAAAAACGGA_B	10
AAAAAAAAAAAACGGC_A	10
AAAAAAAAAAAACGGC_B	10
AAAAAAAAAAAACGGG_A	10
AAAAAAAAAAAACGGG_B	10
AAAAAAAAAAAACGGT_A	10
AAAAAAAAAAAACGGT_B	10
AAAAAAAAAAAACGTA_A	10
AAAAAAAAAAAACGTA_B	10
AAAAAAAAAAAACGTC_A	10
AAAAAAAAAAAACGTC_B	10
AAAAAAAAAAAACGTG_A	10
AAAAAAAAAAAACGTG_B	10
AAAAAAAAAAAACGTT_A	10
AAAAAAAAAAAACGTT_B	10
AAAAAAAAAAAACTAA_A	10
AAAAAAAAAAAACTAA_B	10
AAAAAAAAAAAACTAC_A	10
AAAAAAAAAAAACTAC_B	10
AAAAAAAAAAAACTAG_A	10
AAAAAAAAAAAACTAG_B	10
AAAAAAAAAAAACTAT_A	10
AAAAAAAAAAAACTAT_B	10
AAAAAAAAAAAACTCA_A	10
AAAAAAAAAAAACTCA_B	10
AAAAAAAAAAAACTCC_A	10
AAAAAAAAAAAACTCC_B	10
AAAAAAAAAAAACTCG_A	10
AAAAAAAAAAAACTCG_B	10
AAAAAAAAAAAACTCT_A	10
AAAAAAAAAAAACTCT_B	10
AAAAAAAAAAAACTGA_A	10
AAAAAAAAAAAACTGA_B	10
AAAAAAAAAAAACTGC_A	10
AAAAAAAAAAAACTGC_B	10
AAAAAAAAAAAACTGG_A	10
AAAAAAAAAAAACTGG_B	10
AAAAAAAAAAAACTGT_A	10
AAAAAAAAAAAACTGT_B	10
AAAAAAAAAAAACTTA_A	10
AAAAAAAAAAAACTTA_B	10
AAAAAAAAAAAACTTC_A	10
AAAAAAAAAAAACTTC_B	10
AAAAAAAAAAAACTTG_A	10
AAAAAAAAAAAACTTG_B	10
AAAAAAAAAAAACTTT_A	10
AAAAAAAAAAAACTTT_B	10
AAAAAAAAAAAAGAAA_A	10
AAAAAAAAAAAAGAAA_B	10
AAAAAAAAAAAAGAAC_A	10
AAAAAAAAAAAAGAAC_B	10
AAAAAAAAAAAAGAAG_A	10
AAAAAAAAAAAAGAAG_B	10
AAAAAAAAAAAAGAAT_A	10
AAAAAAAAAAAAGAAT_B	10
AAAAAAAAAAAAGACA_A	10
AAAAAAAAAAAAGACA_B	10
AAAAAAAAAAAAGACC_A	10
AAAAAAAAAAAAGACC_B	10
AAAAAAAAAAAAGACG_A	10
AAAAAAAAAAAAGACG_B	10
AAAAAAAAAAAAGACT_A	10
AAAAAAAAAAAAGACT_B	10
AAAAAAAAAAAAGAGA_A	10
AAAAAAAAAAAAGAGA_B	10
AAAAAAAAAAAAGAGC_A	10
AAAAAAAAAAAAGAGC_B	10
AAAAAAAAAAAAGAGG_A	10
AAAAAAAAAAAAGAGG_B	10
AAAAAAAAAAAAGAGT_A	10
AAAAAAAAAAAAGAGT_B	10
AAAAAAAAAAAAGATA_A	10
AAAAAAAAAAAAGATA_B	10
AAAAAAAAAAAAGATC_A	10
AAAAAAAAAAAAGATC_B	10
AAAAAAAAAAAAGATG_A	10
AAAAAAAAAAAAGATG_B	10
AAAAAAAAAAAAGATT_A	10
AAAAAAAAAAAAGATT_B	10
AAAAAAAAAAAAGCAA_A	10
AAAAAAAAAAAAGCAA_B	10
AAAAAAAAAAAAGCAC_A	10
AAAAAAAAAAAAGCAC_B	10
AAAAAAAAAAAAGCAG_A	10
AAAAAAAAAAAAGCAG_B	10
AAAAAAAAAAAAGCAT_A	10
AAAAAAAAAAAAGCAT_B	10
AAAAAAAAAAAAGCCA_A	10
AAAAAAAAAAAAGCCA_B	10
AAAAAAAAAAAAGCCC_A	10
AAAAAAAAAAAAGCCC_B	10
AAAAAAAAAAAAGCCG_A	10
AAAAAAAAAAAAGCCG_B	10
AAAAAAAAAAAAGCCT_A	10
AAAAAAAAAAAAGCCT_B	10
AAAAAAAAAAAAGCGA_A	10
AAAAAAAAAAAAGCGA_B	10
AAAAAAAAAAAAGCGC_A	10
AAAAAAAAAAAAGCGC_B	10
AAAAAAAAAAAAGCGG_A	10
AAAAAAAAAAAAGCGG_B	10
AAAAAAAAAAAAGCGT_A	10
AAAAAAAAAAAAGCGT_B	10
AAAAAAAAAAAAGCTA_A	10
AAAAAAAAAAAAGCTA_B	10
AAAAAAAAAAAAGCTC_A	10
AAAAAAAAAAAAGCTC_B	10
AAAAAAAAAAAAGCTG_A	10
AAAAAAAAAAAAGCTG_B	10
AAAAAAAAAAAAGCTT_A	10
AAAAAAAAAAAAGCTT_B	10
AAAAAAAAAAAAGGAA_A	10
AAAAAAAAAAAAGGAA_B	10
AAAAAAAAAAAAGGAC_A	10
AAAAAAAAAAAAGGAC_B	10
AAAAAAAAAAAAGGAG_A	10
AAAAAAAAAAAAGGAG_B	10
AAAAAAAAAAAAGGAT_A	10
AAAAAAAAAAAAGGAT_B	10
AAAAAAAAAAAAGGCA_A	10
AAAAAAAAAAAAGGCA_B	10
AAAAAAAAAAAAGGCC_A	10
AAAAAAAAAAAAGGCC_B	10
AAAAAAAAAAAAGGCG_A	10
AAAAAAAAAAAAGGCG_B	10
AAAAAAAAAAAAGGCT_A	10
AAAAAAAAAAAAGGCT_B	10
AAAAAAAAAAAAGGGA_A	10
AAAAAAAAAAAAGGGA_B	10
AAAAAAAAAAAAGGGC_A	10
AAAAAAAAAAAAGGGC_B	10
AAAAAAAAAAAAGGGG_A	10
AAAAAAAAAAAAGGGG_B	10
AAAAAAAAAAAAGGGT_A	10
AAAAAAAAAAAAGGGT_B	10
AAAAAAAAAAAAGGTA_A	10
AAAAAAAAAAAAGGTA_B	10
AAAAAAAAAAAAGGTC_A	10
AAAAAAAAAAAAGGTC_B	10
AAAAAAAAAAAAGGTG_A	10
AAAAAAAAAAAAGGTG_B	10
AAAAAAAAAAAAGGTT_A	10
AAAAAAAAAAAAGGTT_B	10
AAAAAAAAAAAAGTAA_A	10
AAAAAAAAAAAAGTAA_B	10
AAAAAAAAAAAAGTAC_A	10
AAAAAAAAAAAAGTAC_B	10
AAAAAAAAAAAAGTAG_A	10
AAAAAAAAAAAAGTAG_B	10
AAAAAAAAAAAAGTAT_A	10
AAAAAAAAAAAAGTAT_B	10
AAAAAAAAAAAAGTCA_A	10
AAAAAAAAAAAAGTCA_B	10
AAAAAAAAAAAAGTCC_A	10
AAAAAAAAAAAAGTCC_B	10
AAAAAAAAAAAAGTCG_A	10
AAAAAAAAAAAAGTCG_B	10
AAAAAAAAAAAAGTCT_A	10
AAAAAAAAAAAAGTCT_B	10
AAAAAAAAAAAAGTGA_A	10
AAAAAAAAAAAAGTGA_B	10
AAAAAAAAAAAAGTGC_A	10
AAAAAAAAAAAAGTGC_B	10
AAAAAAAAAAAAGTGG_A	10
AAAAAAAAAAAAGTGG_B	10
AAAAAAAAAAAAGTGT_A	10
AAAAAAAAAAAAGTGT_B	10
AAAAAAAAAAAAGTTA_A	10
AAAAAAAAAAAAGTTA_B	10
AAAAAAAAAAAAGTTC_A	10
AAAAAAAAAAAAGTTC_B	10
AAAAAAAAAAAAGTTG_A	10
AAAAAAAAAAAAGTTG_B	10
AAAAAAAAAAAAGTTT_A	10
AAAAAAAAAAAAGTTT_B	10
AAAAAAAAAAAATAAA_A	10
AAAAAAAAAAAATAAA_B	10
AAAAAAAAAAAATAAC_A	10
AAAAAAAAAAAATAAC_B	10
AAAAAAAAAAAATAAG_A	10
AAAAAAAAAAAATAAG_B	10
AAAAAAAAAAAATAAT_A	10
AAAAAAAAAAAATAAT_B	10
AAAAAAAAAAAATACA_A	10
AAAAAAAAAAAATACA_B	10
AAAAAAAAAAAATACC_A	10
AAAAAAAAAAAATACC_B	10
AAAAAAAAAAAATACG_A	10
AAAAAAAAAAAATACG_B	10
AAAAAAAAAAAATACT_A	10
AAAAAAAAAAAATACT_B	10
AAAAAAAAAAAATAGA_A	10
AAAAAAAAAAAATAGA_B	10
AAAAAAAAAAAATAGC_A	10
AAAAAAAAAAAATAGC_B	10
AAAAAAAAAAAATAGG_A	10
AAAAAAAAAAAATAGG_B	10
AAAAAAAAAAAATAGT_A	10
AAAAAAAAAAAATAGT_B	10
AAAAAAAAAAAATATA_A	10
AAAAAAAAAAAATATA_B	10
AAAAAAAAAAAATATC_A	10
AAAAAAAAAAAATATC_B	10
AAAAAAAAAAAATATG_A	10
AAAAAAAAAAAATATG_B	10
AAAAAAAAAAAATATT_A	10
AAAAAAAAAAAATATT_B	10
AAAAAAAAAAAATCAA_A	10
AAAAAAAAAAAATCAA_B	10
AAAAAAAAAAAATCAC_A	10
AAAAAAAAAAAATCAC_B	10
AAAAAAAAAAAATCAG_A	10
AAAAAAAAAAAATCAG_B	10
AAAAAAAAAAAATCAT_A	10
AAAAAAAAAAAATCAT_B	10
AAAAAAAAAAAATCCA_A	10
AAAAAAAAAAAATCCA_B	10
AAAAAAAAAAAATCCC_A	10
AAAAAAAAAAAATCCC_B	10
AAAAAAAAAAAATCCG_A	10
AAAAAAAAAAAATCCG_B	10
AAAAAAAAAAAATCCT_A	10
AAAAAAAAAAAATCCT_B	10
AAAAAAAAAAAATCGA_A	10
AAAAAAAAAAAATCGA_B	10
AAAAAAAAAAAATCGC_A	10
AAAAAAAAAAAATCGC_B	10
AAAAAAAAAAAATCGG_A	10
AAAAAAAAAAAATCGG_B	10
AAAAAAAAAAAATCGT_A	10
AAAAAAAAAAAATCGT_B	10
AAAAAAAAAAAATCTA_A	10
AAAAAAAAAAAATCTA_B	10
AAAAAAAAAAAATCTC_A	10
AAAAAAAAAAAATCTC_B	10
AAAAAAAAAAAATCTG_A	10
AAAAAAAAAAAATCTG_B	10
AAAAAAAAAAAATCTT_A	10
AAAAAAAAAAAATCTT_B	10
AAAAAAAAAAAATGAA_A	10
AAAAAAAAAAAATGAA_B	10
AAAAAAAAAAAATGAC_A	10
AAAAAAAAAAAATGAC_B	10
AAAAAAAAAAAATGAG_A	10
AAAAAAAAAAAATGAG_B	10
AAAAAAAAAAAATGAT_A	10
AAAAAAAAAAAATGAT_B	10
AAAAAAAAAAAATGCA_A	10
AAAAAAAAAAAATGCA_B	10
AAAAAAAAAAAATGCC_A	10
AAAAAAAAAAAATGCC_B	10
AAAAAAAAAAAATGCG_A	10
AAAAAAAAAAAATGCG_B	10
AAAAAAAAAAAATGCT_A	10
AAAAAAAAAAAATGCT_B	10
AAAAAAAAAAAATGGA_A	10
AAAAAAAAAAAATGGA_B	10
AAAAAAAAAAAATGGC_A	10
AAAAAAAAAAAATGGC_B	10
AAAAAAAAAAAATGGG_A	10
AAAAAAAAAAAATGGG_B	10
AAAAAAAAAAAATGGT_A	10
AAAAAAAAAAAATGGT_B	10
AAAAAAAAAAAATGTA_A	10
AAAAAAAAAAAATGTA_B	10
AAAAAAAAAAAATGTC_A	10
AAAAAAAAAAAATGTC_B	10
AAAAAAAAAAAATGTG_A	10
AAAAAAAAAAAATGTG_B	10
AAAAAAAAAAAATGTT_A	10
AAAAAAAAAAAATGTT_B	10
AAAAAAAAAAAATTAA_A	10
AAAAAAAAAAAATTAA_B	10
AAAAAAAAAAAATTAC_A	10
AAAAAAAAAAAATTAC_B	10
AAAAAAAAAAAATTAG_A	10
AAAAAAAAAAAATTAG_B	10
AAAAAAAAAAAATTAT_A	10
AAAAAAAAAAAATTAT_B	10
AAAAAAAAAAAATTCA_A	10
AAAAAAAAAAAATTCA_B	10
AAAAAAAAAAAATTCC_A	10
AAAAAAAAAAAATTCC_B	10
AAAAAAAAAAAATTCG_A	10
AAAAAAAAAAAATTCG_B	10
AAAAAAAAAAAATTCT_A	10
AAAAAAAAAAAATTCT_B	10
AAAAAAAAAAAATTGA_A	10
AAAAAAAAAAAATTGA_B	10
AAAAAAAAAAAATTGC_A	10
AAAAAAAAAAAATTGC_B	10
AAAAAAAAAAAATTGG_A	10
AAAAAAAAAAAATTGG_B	10
AAAAAAAAAAAATTGT_A	10
AAAAAAAAAAAATTGT_B	10
AAAAAAAAAAAATTTA_A	10
AAAAAAAAAAAATTTA_B	10
AAAAAAAAAAAATTTC_A	10
AAAAAAAAAAAATTTC_B	10
AAAAAAAAAAAATTTG_A	10
AAAAAAAAAAAATTTG_B	10
AAAAAAAAAAAATTTT_A	10
AAAAAAAAAAAATTTT_B	10
AAAAAAAAAAACAAAA_A	10
AAAAAAAAAAACAAAA_B	10
AAAAAAAAAAACAAAC_A	10
AAAAAAAAAAACAAAC_B	10
AAAAAAAAAAACAAAG_A	10
AAAAAAAAAAACAAAG_B	10
AAAAAAAAAAACAAAT_A	10
AAAAAAAAAAACAAAT_B	10
AAAAAAAAAAACAACA_A	10
AAAAAAAAAAACAACA_B	10
AAAAAAAAAAACAACC_A	10
AAAAAAAAAAACAACC_B	10
AAAAAAAAAAACAACG_A	10
AAAAAAAAAAACAACG_B	10
AAAAAAAAAAACAACT_A	10
AAAAAAAAAAACAACT_B	10
AAAAAAAAAAACAAGA_A	10
AAAAAAAAAAACAAGA_B	10
AAAAAAAAAAACAAGC_A	10
AAAAAAAAAAACAAGC_B	10
AAAAAAAAAAACAAGG_A	10
AAAAAAAAAAACAAGG_B	10
AAAAAAAAAAACAAGT_A	10
AAAAAAAAAAACAAGT_B	10
AAAAAAAAAAACAATA_A	10
AAAAAAAAAAACAATA_B	10
AAAAAAAAAAACAATC_A	10
AAAAAAAAAAACAATC_B	10
AAAAAAAAAAACAATG_A	10
AAAAAAAAAAACAATG_B	10
AAAAAAAAAAACAATT_A	10
AAAAAAAAAAACAATT_B	10
AAAAAAAAAAACACAA_A	10
AAAAAAAAAAACACAA_B	10
AAAAAAAAAAACACAC_A	10
AAAAAAAAAAACACAC_B	10
AAAAAAAAAAACACAG_A	10
AAAAAAAAAAACACAG_B	10
AAAAAAAAAAACACAT_A	10
AAAAAAAAAAACACAT_B	10
AAAAAAAAAAACACCA_A	10
AAAAAAAAAAACACCA_B	10
AAAAAAAAAAACACCC_A	10
AAAAAAAAAAACACCC_B	10
AAAAAAAAAAACACCG_A	10
AAAAAAAAAAACACCG_B	10
AAAAAAAAAAACACCT_A	10
AAAAAAAAAAACACCT_B	10
AAAAAAAAAAACACGA_A	10
AAAAAAAAAAACACGA_B	10
AAAAAAAAAAACACGC_A	10
AAAAAAAAAAACACGC_B	10
AAAAAAAAAAACACGG_A	10
AAAAAAAAAAACACGG_B	10
AAAAAAAAAAACACGT_A	10
AAAAAAAAAAACACGT_B	10
AAAAAAAAAAACACTA_A	10
AAAAAAAAAAACACTA_B	10
AAAAAAAAAAACACTC_A	10
AAAAAAAAAAACACTC_B	10
AAAAAAAAAAACACTG_A	10
AAAAAAAAAAACACTG_B	10
AAAAAAAAAAACACTT_A	10
AAAAAAAAAAACACTT_B	10
AAAAAAAAAAACAGAA_A	10
AAAAAAAAAAACAGAA_B	10
AAAAAAAAAAACAGAC_A	10
AAAAAAAAAAACAGAC_B	10
AAAAAAAAAAACAGAG_A	10
AAAAAAAAAAACAGAG_B	10
AAAAAAAAAAACAGAT_A	10
AAAAAAAAAAACAGAT_B	10
AAAAAAAAAAACAGCA_A	10
AAAAAAAAAAACAGCA_B	10
AAAAAAAAAAACAGCC_A	10
AAAAAAAAAAACAGCC_B	10
AAAAAAAAAAACAGCG_A	10
AAAAAAAAAAACAGCG_B	10
AAAAAAAAAAACAGCT_A	10
AAAAAAAAAAACAGCT_B	10
AAAAAAAAAAACAGGA_A	10
AAAAAAAAAAACAGGA_B	10
AAAAAAAAAAACAGGC_A	10
AAAAAAAAAAACAGGC_B	10
AAAAAAAAAAACAGGG_A	10
AAAAAAAAAAACAGGG_B	10
AAAAAAAAAAACAGGT_A	10
AAAAAAAAAAACAGGT_B	10
AAAAAAAAAAACAGTA_A	10
AAAAAAAAAAACAGTA_B	10
AAAAAAAAAAACAGTC_A	10
AAAAAAAAAAACAGTC_B	10
AAAAAAAAAAACAGTG_A	10
AAAAAAAAAAACAGTG_B	10
AAAAAAAAAAACAGTT_A	10
AAAAAAAAAAACAGTT_B	10
AAAAAAAAAAACATAA_A	10
AAAAAAAAAAACATAA_B	10
AAAAAAAAAAACATAC_A	10
AAAAAAAAAAACATAC_B	10
AAAAAAAAAAACATAG_A	10
AAAAAAAAAAACATAG_B	10
AAAAAAAAAAACATAT_A	10
AAAAAAAAAAACATAT_B	10
AAAAAAAAAAACATCA_A	10
AAAAAAAAAAACATCA_B	10
AAAAAAAAAAACATCC_A	10
AAAAAAAAAAACATCC_B	10
AAAAAAAAAAACATCG_A	10
AAAAAAAAAAACATCG_B	10
AAAAAAAAAAACATCT_A	10
AAAAAAAAAAACATCT_B	10
AAAAAAAAAAACATGA_A	10
AAAAAAAAAAACATGA_B	10
AAAAAAAAAAACATGC_A	10
AAAAAAAAAAACATGC_B	10
AAAAAAAAAAACATGG_A	10
AAAAAAAAAAACATGG_B	10
AAAAAAAAAAACATGT_A	10
AAAAAAAAAAACATGT_B	10
AAAAAAAAAAACATTA_A	10
AAAAAAAAAAACATTA_B	10
AAAAAAAAAAACATTC_A	10
AAAAAAAAAAACATTC_B	10
AAAAAAAAAAACATTG_A	10
AAAAAAAAAAACATTG_B	10
AAAAAAAAAAACATTT_A	10
AAAAAAAAAAACATTT_B	10
AAAAAAAAAAACCAAA_A	10
AAAAAAAAAAACCAAA_B	10
AAAAAAAAAAACCAAC_A	10
AAAAAAAAAAACCAAC_B	10
AAAAAAAAAAACCAAG_A	10
AAAAAAAAAAACCAAG_B	10
AAAAAAAAAAACCAAT_A	10
AAAAAAAAAAACCAAT_B	10
AAAAAAAAAAACCACA_A	10
AAAAAAAAAAACCACA_B	10
AAAAAAAAAAACCACC_A	10
AAAAAAAAAAACCACC_B	10
AAAAAAAAAAACCACG_A	10
AAAAAAAAAAACCACG_B	10
AAAAAAAAAAACCACT_A	10
AAAAAAAAAAACCACT_B	10
AAAAAAAAAAACCAGA_A	10
AAAAAAAAAAACCAGA_B	10
AAAAAAAAAAACCAGC_A	10
AAAAAAAAAAACCAGC_B	10
AAAAAAAAAAACCAGG_A	10
AAAAAAAAAAACCAGG_B	10
AAAAAAAAAAACCAGT_A	10
AAAAAAAAAAACCAGT_B	10
AAAAAAAAAAACCATA_A	10
AAAAAAAAAAACCATA_B	10
AAAAAAAAAAACCATC_A	10
AAAAAAAAAAACCATC_B	10
AAAAAAAAAAACCATG_A	10
AAAAAAAAAAACCATG_B	10
AAAAAAAAAAACCATT_A	10
AAAAAAAAAAACCATT_B	10
AAAAAAAAAAACCCAA_A	10
AAAAAAAAAAACCCAA_B	10
AAAAAAAAAAACCCAC_A	10
AAAAAAAAAAACCCAC_B	10
AAAAAAAAAAACCCAG_A	10
AAAAAAAAAAACCCAG_B	10
AAAAAAAAAAACCCAT_A	10
AAAAAAAAAAACCCAT_B	10
AAAAAAAAAAACCCCA_A	10
AAAAAAAAAAACCCCA_B	10
AAAAAAAAAAACCCCC_A	10
AAAAAAAAAAACCCCC_B	10
AAAAAAAAAAACCCCG_A	10
AAAAAAAAAAACCCCG_B	10
AAAAAAAAAAACCCCT_A	10
AAAAAAAAAAACCCCT_B	10
AAAAAAAAAAACCCGA_A	10
AAAAAAAAAAACCCGA_B	10
AAAAAAAAAAACCCGC_A	10
AAAAAAAAAAACCCGC_B	10
AAAAAAAAAAACCCGG_A	10
AAAAAAAAAAACCCGG_B	10
AAAAAAAAAAACCCGT_A	10
AAAAAAAAAAACCCGT_B	10
AAAAAAAAAAACCCTA_A	10
AAAAAAAAAAACCCTA_B	10
AAAAAAAAAAACCCTC_A	10
AAAAAAAAAAACCCTC_B	10
AAAAAAAAAAACCCTG_A	10
AAAAAAAAAAACCCTG_B	10
AAAAAAAAAAACCCTT_A	10
AAAAAAAAAAACCCTT_B	10
AAAAAAAAAAACCGAA_A	10
AAAAAAAAAAACCGAA_B	10
AAAAAAAAAAACCGAC_A	10
AAAAAAAAAAACCGAC_B	10
AAAAAAAAAAACCGAG_A	10
AAAAAAAAAAACCGAG_B	10
AAAAAAAAAAACCGAT_A	10
AAAAAAAAAAACCGAT_B	10
AAAAAAAAAAACCGCA_A	10
AAAAAAAAAAACCGCA_B	10
AAAAAAAAAAACCGCC_A	10
AAAAAAAAAAACCGCC_B	10
AAAAAAAAAAACCGCG_A	10
AAAAAAAAAAACCGCG_B	10
AAAAAAAAAAACCGCT_A	10
AAAAAAAAAAACCGCT_B	10
AAAAAAAAAAACCGGA_A	10
AAAAAAAAAAACCGGA_B	10
AAAAAAAAAAACCGGC_A	10
AAAAAAAAAAACCGGC_B	10
AAAAAAAAAAACCGGG_A	10
AAAAAAAAAAACCGGG_B	10
AAAAAAAAAAACCGGT_A	10
AAAAAAAAAAACCGGT_B	10
AAAAAAAAAAACCGTA_A	10
AAAAAAAAAAACCGTA_B	10
AAAAAAAAAAACCGTC_A	10
AAAAAAAAAAACCGTC_B	10
AAAAAAAAAAACCGTG_A	10
AAAAAAAAAAACCGTG_B	10
AAAAAAAAAAACCGTT_A	10
AAAAAAAAAAACCGTT_B	10
AAAAAAAAAAACCTAA_A	10
AAAAAAAAAAACCTAA_B	10
AAAAAAAAAAACCTAC_A	10
AAAAAAAAAAACCTAC_B	10
AAAAAAAAAAACCTAG_A	10
AAAAAAAAAAACCTAG_B	10
AAAAAAAAAAACCTAT_A	10
AAAAAAAAAAACCTAT_B	10
AAAAAAAAAAACCTCA_A	10
AAAAAAAAAAACCTCA_B	10
AAAAAAAAAAACCTCC_A	10
AAAAAAAAAAACCTCC_B	10
AAAAAAAAAAACCTCG_A	10
AAAAAAAAAAACCTCG_B	10
AAAAAAAAAAACCTCT_A	10
AAAAAAAAAAACCTCT_B	10
AAAAAAAAAAACCTGA_A	10
AAAAAAAAAAACCTGA_B	10
AAAAAAAAAAACCTGC_A	10
AAAAAAAAAAACCTGC_B	10
AAAAAAAAAAACCTGG_A	10
AAAAAAAAAAACCTGG_B	10
AAAAAAAAAAACCTGT_A	10
AAAAAAAAAAACCTGT_B	10
AAAAAAAAAAACCTTA_A	10
AAAAAAAAAAACCTTA_B	10
AAAAAAAAAAACCTTC_A	10
AAAAAAAAAAACCTTC_B	10
AAAAAAAAAAACCTTG_A	10
AAAAAAAAAAACCTTG_B	10
AAAAAAAAAAACCTTT_A	10
AAAAAAAAAAACCTTT_B	10
AAAAAAAAAAACGAAA_A	10
AAAAAAAAAAACGAAA_B	10
AAAAAAAAAAACGAAC_A	10
AAAAAAAAAAACGAAC_B	10
AAAAAAAAAAACGAAG_A	10
AAAAAAAAAAACGAAG_B	10
AAAAAAAAAAACGAAT_A	10
AAAAAAAAAAACGAAT_B	10
AAAAAAAAAAACGACA_A	10
AAAAAAAAAAACGACA_B	10
AAAAAAAAAAACGACC_A	10
AAAAAAAAAAACGACC_B	10
AAAAAAAAAAACGACG_A	10
AAAAAAAAAAACGACG_B	10
AAAAAAAAAAACGACT_A	10
AAAAAAAAAAACGACT_B	10
AAAAAAAAAAACGAGA_A	10
AAAAAAAAAAACGAGA_B	10
AAAAAAAAAAACGAGC_A	10
AAAAAAAAAAACGAGC_B	10
AAAAAAAAAAACGAGG_A	10
AAAAAAAAAAACGAGG_B	10
AAAAAAAAAAACGAGT_A	10
AAAAAAAAAAACGAGT_B	10
AAAAAAAAAAACGATA_A	10
AAAAAAAAAAACGATA_B	10
AAAAAAAAAAACGATC_A	10
AAAAAAAAAAACGATC_B	10
AAAAAAAAAAACGATG_A	10
AAAAAAAAAAACGATG_B	10
AAAAAAAAAAACGATT_A	10
AAAAAAAAAAACGATT_B	10
AAAAAAAAAAACGCAA_A	10
AAAAAAAAAAACGCAA_B	10
AAAAAAAAAAACGCAC_A	10
AAAAAAAAAAACGCAC_B	10
AAAAAAAAAAACGCAG_A	10
AAAAAAAAAAACGCAG_B	10
AAAAAAAAAAACGCAT_A	10
AAAAAAAAAAACGCAT_B	10
AAAAAAAAAAACGCCA_A	10
AAAAAAAAAAACGCCA_B	10
AAAAAAAAAAACGCCC_A	10
AAAAAAAAAAACGCCC_B	10
AAAAAAAAAAACGCCG_A	10
AAAAAAAAAAACGCCG_B	10
AAAAAAAAAAACGCCT_A	10
AAAAAAAAAAACGCCT_B	10
AAAAAAAAAAACGCGA_A	10
AAAAAAAAAAACGCGA_B	10
AAAAAAAAAAACGCGC_A	10
AAAAAAAAAAACGCGC_B	10
AAAAAAAAAAACGCGG_A	10
AAAAAAAAAAACGCGG_B	10
AAAAAAAAAAACGCGT_A	10
AAAAAAAAAAACGCGT_B	10
AAAAAAAAAAACGCTA_A	10
AAAAAAAAAAACGCTA_B	10
AAAAAAAAAAACGCTC_A	10
AAAAAAAAAAACGCTC_B	10
AAAAAAAAAAACGCTG_A	10
AAAAAAAAAAACGCTG_B	10
AAAAAAAAAAACGCTT_A	10
AAAAAAAAAAACGCTT_B	10
AAAAAAAAAAACGGAA_A	10
AAAAAAAAAAACGGAA_B	10
AAAAAAAAAAACGGAC_A	10
AAAAAAAAAAACGGAC_B	10
AAAAAAAAAAACGGAG_A	10
AAAAAAAAAAACGGAG_B	10
AAAAAAAAAAACGGAT_A	10
AAAAAAAAAAACGGAT_B	10
AAAAAAAAAAACGGCA_A	10
AAAAAAAAAAACGGCA_B	10
AAAAAAAAAAACGGCC_A	10
AAAAAAAAAAACGGCC_B	10
AAAAAAAAAAACGGCG_A	10
AAAAAAAAAAACGGCG_B	10
AAAAAAAAAAACGGCT_A	10
AAAAAAAAAAACGGCT_B	10
AAAAAAAAAAACGGGA_A	10
AAAAAAAAAAACGGGA_B	10
AAAAAAAAAAACGGGC_A	10
AAAAAAAAAAACGGGC_B	10
AAAAAAAAAAACGGGG_A	10
AAAAAAAAAAACGGGG_B	10
AAAAAAAAAAACGGGT_A	10
AAAAAAAAAAACGGGT_B	10
AAAAAAAAAAACGGTA_A	10
AAAAAAAAAAACGGTA_B	10
AAAAAAAAAAACGGTC_A	10
AAAAAAAAAAACGGTC_B	10
AAAAAAAAAAACGGTG_A	10
AAAAAAAAAAACGGTG_B	10
AAAAAAAAAAACGGTT_A	10
AAAAAAAAAAACGGTT_B	10
AAAAAAAAAAACGTAA_A	10
AAAAAAAAAAACGTAA_B	10
AAAAAAAAAAACGTAC_A	10
AAAAAAAAAAACGTAC_B	10
AAAAAAAAAAACGTAG_A	10
AAAAAAAAAAACGTAG_B	10
AAAAAAAAAAACGTAT_A	10
AAAAAAAAAAACGTAT_B	10
AAAAAAAAAAACGTCA_A	10
AAAAAAAAAAACGTCA_B	10
AAAAAAAAAAACGTCC_A	10
AAAAAAAAAAACGTCC_B	10
AAAAAAAAAAACGTCG_A	10
AAAAAAAAAAACGTCG_B	10
AAAAAAAAAAACGTCT_A	10
AAAAAAAAAAACGTCT_B	10
AAAAAAAAAAACGTGA_A	10
AAAAAAAAAAACGTGA_B	10
AAAAAAAAAAACGTGC_A	10
AAAAAAAAAAACGTGC_B	10
AAAAAAAAAAACGTGG_A	10
AAAAAAAAAAACGTGG_B	10
AAAAAAAAAAACGTGT_A	10
AAAAAAAAAAACGTGT_B	10
AAAAAAAAAAACGTTA_A	10
AAAAAAAAAAACGTTA_B	10
AAAAAAAAAAACGTTC_A	10
AAAAAAAAAAACGTTC_B	10
AAAAAAAAAAACGTTG_A	10
AAAAAAAAAAACGTTG_B	10
AAAAAAAAAAACGTTT_A	10
AAAAAAAAAAACGTTT_B	10
AAAAAAAAAAACTAAA_A	10
AAAAAAAAAAACTAAA_B	10
AAAAAAAAAAACTAAC_A	10
AAAAAAAAAAACTAAC_B	10
AAAAAAAAAAACTAAG_A	10
AAAAAAAAAAACTAAG_B	10
AAAAAAAAAAACTAAT_A	10
AAAAAAAAAAACTAAT_B	10
AAAAAAAAAAACTACA_A	10
AAAAAAAAAAACTACA_B	10
AAAAAAAAAAACTACC_A	10
AAAAAAAAAAACTACC_B	10
AAAAAAAAAAACTACG_A	10
AAAAAAAAAAACTACG_B	10
AAAAAAAAAAACTACT_A	10
AAAAAAAAAAACTACT_B	10
AAAAAAAAAAACTAGA_A	10
AAAAAAAAAAACTAGA_B	10
AAAAAAAAAAACTAGC_A	10
AAAAAAAAAAACTAGC_B	10
AAAAAAAAAAACTAGG_A	10
AAAAAAAAAAACTAGG_B	10
AAAAAAAAAAACTAGT_A	10
AAAAAAAAAAACTAGT_B	10
AAAAAAAAAAACTATA_A	10
AAAAAAAAAAACTATA_B	10
AAAAAAAAAAACTATC_A	10
AAAAAAAAAAACTATC_B	10
AAAAAAAAAAACTATG_A	10
AAAAAAAAAAACTATG_B	10
AAAAAAAAAAACTATT_A	10
AAAAAAAAAAACTATT_B	10
AAAAAAAAAAACTCAA_A	10
AAAAAAAAAAACTCAA_B	10
AAAAAAAAAAACTCAC_A	10
AAAAAAAAAAACTCAC_B	10
AAAAAAAAAAACTCAG_A	10
AAAAAAAAAAACTCAG_B	10
AAAAAAAAAAACTCAT_A	10
AAAAAAAAAAACTCAT_B	10
AAAAAAAAAAACTCCA_A	10
AAAAAAAAAAACTCCA_B	10
AAAAAAAAAAACTCCC_A	10
AAAAAAAAAAACTCCC_B	10
AAAAAAAAAAACTCCG_A	10
AAAAAAAAAAACTCCG_B	10
AAAAAAAAAAACTCCT_A	10
AAAAAAAAAAACTCCT_B	10
AAAAAAAAAAACTCGA_A	10
AAAAAAAAAAACTCGA_B	10
AAAAAAAAAAACTCGC_A	10
AAAAAAAAAAACTCGC_B	10
AAAAAAAAAAACTCGG_A	10
AAAAAAAAAAACTCGG_B	10
AAAAAAAAAAACTCGT_A	10
AAAAAAAAAAACTCGT_B	10
AAAAAAAAAAACTCTA_A	10
AAAAAAAAAAACTCTA_B	10
AAAAAAAAAAACTCTC_A	10
AAAAAAAAAAACTCTC_B	10
AAAAAAAAAAACTCTG_A	10
AAAAAAAAAAACTCTG_B	10
AAAAAAAAAAACTCTT_A	10
AAAAAAAAAAACTCTT_B	10
AAAAAAAAAAACTGAA_A	10
AAAAAAAAAAACTGAA_B	10
AAAAAAAAAAACTGAC_A	10
AAAAAAAAAAACTGAC_B	10
AAAAAAAAAAACTGAG_A	10
AAAAAAAAAAACTGAG_B	10
AAAAAAAAAAACTGAT_A	10
AAAAAAAAAAACTGAT_B	10
AAAAAAAAAAACTGCA_A	10
AAAAAAAAAAACTGCA_B	10
AAAAAAAAAAACTGCC_A	10
AAAAAAAAAAACTGCC_B	10
AAAAAAAAAAACTGCG_A	10
AAAAAAAAAAACTGCG_B	10
AAAAAAAAAAACTGCT_A	10
AAAAAAAAAAACTGCT_B	10
AAAAAAAAAAACTGGA_A	10
AAAAAAAAAAACTGGA_B	10
AAAAAAAAAAACTGGC_A	10
AAAAAAAAAAACTGGC_B	10
AAAAAAAAAAACTGGG_A	10
AAAAAAAAAAACTGGG_B	10
AAAAAAAAAAACTGGT_A	10
AAAAAAAAAAACTGGT_B	10
AAAAAAAAAAACTGTA_A	10
AAAAAAAAAAACTGTA_B	10
AAAAAAAAAAACTGTC_A	10
AAAAAAAAAAACTGTC_B	10
AAAAAAAAAAACTGTG_A	10
AAAAAAAAAAACTGTG_B	10
AAAAAAAAAAACTGTT_A	10
AAAAAAAAAAACTGTT_B	10
AAAAAAAAAAACTTAA_A	10
AAAAAAAAAAACTTAA_B	10
AAAAAAAAAAACTTAC_A	10
AAAAAAAAAAACTTAC_B	10
AAAAAAAAAAACTTAG_A	10
AAAAAAAAAAACTTAG_B	10
AAAAAAAAAAACTTAT_A	10
AAAAAAAAAAACTTAT_B	10
