UUID	barcode
'TCR_0x0'	'AAAAAAAAAAAAAAAA'
'TCR_0x1'	'AAAAAAAAAAAAAAAC'
'TCR_0x2'	'AAAAAAAAAAAAAAAG'
'TCR_0x3'	'AAAAAAAAAAAAAAAT'
'TCR_0x4'	'AAAAAAAAAAAAAACA'
'TCR_0x5'	'AAAAAAAAAAAAAACC'
'TCR_0x6'	'AAAAAAAAAAAAAACG'
'TCR_0x7'	'AAAAAAAAAAAAAACT'
'TCR_0x8'	'AAAAAAAAAAAAAAGA'
'TCR_0x9'	'AAAAAAAAAAAAAAGC'
'TCR_0xa'	'AAAAAAAAAAAAAAGG'
'TCR_0xb'	'AAAAAAAAAAAAAAGT'
'TCR_0xc'	'AAAAAAAAAAAAAATA'
'TCR_0xd'	'AAAAAAAAAAAAAATC'
'TCR_0xe'	'AAAAAAAAAAAAAATG'
'TCR_0xf'	'AAAAAAAAAAAAAATT'
'TCR_0x10'	'AAAAAAAAAAAAACAA'
'TCR_0x11'	'AAAAAAAAAAAAACAC'
'TCR_0x12'	'AAAAAAAAAAAAACAG'
'TCR_0x13'	'AAAAAAAAAAAAACAT'
'TCR_0x14'	'AAAAAAAAAAAAACCA'
'TCR_0x15'	'AAAAAAAAAAAAACCC'
'TCR_0x16'	'AAAAAAAAAAAAACCG'
'TCR_0x17'	'AAAAAAAAAAAAACCT'
'TCR_0x18'	'AAAAAAAAAAAAACGA'
'TCR_0x19'	'AAAAAAAAAAAAACGC'
'TCR_0x1a'	'AAAAAAAAAAAAACGG'
'TCR_0x1b'	'AAAAAAAAAAAAACGT'
'TCR_0x1c'	'AAAAAAAAAAAAACTA'
'TCR_0x1d'	'AAAAAAAAAAAAACTC'
'TCR_0x1e'	'AAAAAAAAAAAAACTG'
'TCR_0x1f'	'AAAAAAAAAAAAACTT'
'TCR_0x20'	'AAAAAAAAAAAAAGAA'
'TCR_0x21'	'AAAAAAAAAAAAAGAC'
'TCR_0x22'	'AAAAAAAAAAAAAGAG'
'TCR_0x23'	'AAAAAAAAAAAAAGAT'
'TCR_0x24'	'AAAAAAAAAAAAAGCA'
'TCR_0x25'	'AAAAAAAAAAAAAGCC'
'TCR_0x26'	'AAAAAAAAAAAAAGCG'
'TCR_0x27'	'AAAAAAAAAAAAAGCT'
'TCR_0x28'	'AAAAAAAAAAAAAGGA'
'TCR_0x29'	'AAAAAAAAAAAAAGGC'
'TCR_0x2a'	'AAAAAAAAAAAAAGGG'
'TCR_0x2b'	'AAAAAAAAAAAAAGGT'
'TCR_0x2c'	'AAAAAAAAAAAAAGTA'
'TCR_0x2d'	'AAAAAAAAAAAAAGTC'
'TCR_0x2e'	'AAAAAAAAAAAAAGTG'
'TCR_0x2f'	'AAAAAAAAAAAAAGTT'
'TCR_0x30'	'AAAAAAAAAAAAATAA'
'TCR_0x31'	'AAAAAAAAAAAAATAC'
'TCR_0x32'	'AAAAAAAAAAAAATAG'
'TCR_0x33'	'AAAAAAAAAAAAATAT'
'TCR_0x34'	'AAAAAAAAAAAAATCA'
'TCR_0x35'	'AAAAAAAAAAAAATCC'
'TCR_0x36'	'AAAAAAAAAAAAATCG'
'TCR_0x37'	'AAAAAAAAAAAAATCT'
'TCR_0x38'	'AAAAAAAAAAAAATGA'
'TCR_0x39'	'AAAAAAAAAAAAATGC'
'TCR_0x3a'	'AAAAAAAAAAAAATGG'
'TCR_0x3b'	'AAAAAAAAAAAAATGT'
'TCR_0x3c'	'AAAAAAAAAAAAATTA'
'TCR_0x3d'	'AAAAAAAAAAAAATTC'
'TCR_0x3e'	'AAAAAAAAAAAAATTG'
'TCR_0x3f'	'AAAAAAAAAAAAATTT'
'TCR_0x40'	'AAAAAAAAAAAACAAA'
'TCR_0x41'	'AAAAAAAAAAAACAAC'
'TCR_0x42'	'AAAAAAAAAAAACAAG'
'TCR_0x43'	'AAAAAAAAAAAACAAT'
'TCR_0x44'	'AAAAAAAAAAAACACA'
'TCR_0x45'	'AAAAAAAAAAAACACC'
'TCR_0x46'	'AAAAAAAAAAAACACG'
'TCR_0x47'	'AAAAAAAAAAAACACT'
'TCR_0x48'	'AAAAAAAAAAAACAGA'
'TCR_0x49'	'AAAAAAAAAAAACAGC'
'TCR_0x4a'	'AAAAAAAAAAAACAGG'
'TCR_0x4b'	'AAAAAAAAAAAACAGT'
'TCR_0x4c'	'AAAAAAAAAAAACATA'
'TCR_0x4d'	'AAAAAAAAAAAACATC'
'TCR_0x4e'	'AAAAAAAAAAAACATG'
'TCR_0x4f'	'AAAAAAAAAAAACATT'
'TCR_0x50'	'AAAAAAAAAAAACCAA'
'TCR_0x51'	'AAAAAAAAAAAACCAC'
'TCR_0x52'	'AAAAAAAAAAAACCAG'
'TCR_0x53'	'AAAAAAAAAAAACCAT'
'TCR_0x54'	'AAAAAAAAAAAACCCA'
'TCR_0x55'	'AAAAAAAAAAAACCCC'
'TCR_0x56'	'AAAAAAAAAAAACCCG'
'TCR_0x57'	'AAAAAAAAAAAACCCT'
'TCR_0x58'	'AAAAAAAAAAAACCGA'
'TCR_0x59'	'AAAAAAAAAAAACCGC'
'TCR_0x5a'	'AAAAAAAAAAAACCGG'
'TCR_0x5b'	'AAAAAAAAAAAACCGT'
'TCR_0x5c'	'AAAAAAAAAAAACCTA'
'TCR_0x5d'	'AAAAAAAAAAAACCTC'
'TCR_0x5e'	'AAAAAAAAAAAACCTG'
'TCR_0x5f'	'AAAAAAAAAAAACCTT'
'TCR_0x60'	'AAAAAAAAAAAACGAA'
'TCR_0x61'	'AAAAAAAAAAAACGAC'
'TCR_0x62'	'AAAAAAAAAAAACGAG'
'TCR_0x63'	'AAAAAAAAAAAACGAT'
'TCR_0x64'	'AAAAAAAAAAAACGCA'
'TCR_0x65'	'AAAAAAAAAAAACGCC'
'TCR_0x66'	'AAAAAAAAAAAACGCG'
'TCR_0x67'	'AAAAAAAAAAAACGCT'
'TCR_0x68'	'AAAAAAAAAAAACGGA'
'TCR_0x69'	'AAAAAAAAAAAACGGC'
'TCR_0x6a'	'AAAAAAAAAAAACGGG'
'TCR_0x6b'	'AAAAAAAAAAAACGGT'
'TCR_0x6c'	'AAAAAAAAAAAACGTA'
'TCR_0x6d'	'AAAAAAAAAAAACGTC'
'TCR_0x6e'	'AAAAAAAAAAAACGTG'
'TCR_0x6f'	'AAAAAAAAAAAACGTT'
'TCR_0x70'	'AAAAAAAAAAAACTAA'
'TCR_0x71'	'AAAAAAAAAAAACTAC'
'TCR_0x72'	'AAAAAAAAAAAACTAG'
'TCR_0x73'	'AAAAAAAAAAAACTAT'
'TCR_0x74'	'AAAAAAAAAAAACTCA'
'TCR_0x75'	'AAAAAAAAAAAACTCC'
'TCR_0x76'	'AAAAAAAAAAAACTCG'
'TCR_0x77'	'AAAAAAAAAAAACTCT'
'TCR_0x78'	'AAAAAAAAAAAACTGA'
'TCR_0x79'	'AAAAAAAAAAAACTGC'
'TCR_0x7a'	'AAAAAAAAAAAACTGG'
'TCR_0x7b'	'AAAAAAAAAAAACTGT'
'TCR_0x7c'	'AAAAAAAAAAAACTTA'
'TCR_0x7d'	'AAAAAAAAAAAACTTC'
'TCR_0x7e'	'AAAAAAAAAAAACTTG'
'TCR_0x7f'	'AAAAAAAAAAAACTTT'
'TCR_0x80'	'AAAAAAAAAAAAGAAA'
'TCR_0x81'	'AAAAAAAAAAAAGAAC'
'TCR_0x82'	'AAAAAAAAAAAAGAAG'
'TCR_0x83'	'AAAAAAAAAAAAGAAT'
'TCR_0x84'	'AAAAAAAAAAAAGACA'
'TCR_0x85'	'AAAAAAAAAAAAGACC'
'TCR_0x86'	'AAAAAAAAAAAAGACG'
'TCR_0x87'	'AAAAAAAAAAAAGACT'
'TCR_0x88'	'AAAAAAAAAAAAGAGA'
'TCR_0x89'	'AAAAAAAAAAAAGAGC'
'TCR_0x8a'	'AAAAAAAAAAAAGAGG'
'TCR_0x8b'	'AAAAAAAAAAAAGAGT'
'TCR_0x8c'	'AAAAAAAAAAAAGATA'
'TCR_0x8d'	'AAAAAAAAAAAAGATC'
'TCR_0x8e'	'AAAAAAAAAAAAGATG'
'TCR_0x8f'	'AAAAAAAAAAAAGATT'
'TCR_0x90'	'AAAAAAAAAAAAGCAA'
'TCR_0x91'	'AAAAAAAAAAAAGCAC'
'TCR_0x92'	'AAAAAAAAAAAAGCAG'
'TCR_0x93'	'AAAAAAAAAAAAGCAT'
'TCR_0x94'	'AAAAAAAAAAAAGCCA'
'TCR_0x95'	'AAAAAAAAAAAAGCCC'
'TCR_0x96'	'AAAAAAAAAAAAGCCG'
'TCR_0x97'	'AAAAAAAAAAAAGCCT'
'TCR_0x98'	'AAAAAAAAAAAAGCGA'
'TCR_0x99'	'AAAAAAAAAAAAGCGC'
'TCR_0x9a'	'AAAAAAAAAAAAGCGG'
'TCR_0x9b'	'AAAAAAAAAAAAGCGT'
'TCR_0x9c'	'AAAAAAAAAAAAGCTA'
'TCR_0x9d'	'AAAAAAAAAAAAGCTC'
'TCR_0x9e'	'AAAAAAAAAAAAGCTG'
'TCR_0x9f'	'AAAAAAAAAAAAGCTT'
'TCR_0xa0'	'AAAAAAAAAAAAGGAA'
'TCR_0xa1'	'AAAAAAAAAAAAGGAC'
'TCR_0xa2'	'AAAAAAAAAAAAGGAG'
'TCR_0xa3'	'AAAAAAAAAAAAGGAT'
'TCR_0xa4'	'AAAAAAAAAAAAGGCA'
'TCR_0xa5'	'AAAAAAAAAAAAGGCC'
'TCR_0xa6'	'AAAAAAAAAAAAGGCG'
'TCR_0xa7'	'AAAAAAAAAAAAGGCT'
'TCR_0xa8'	'AAAAAAAAAAAAGGGA'
'TCR_0xa9'	'AAAAAAAAAAAAGGGC'
'TCR_0xaa'	'AAAAAAAAAAAAGGGG'
'TCR_0xab'	'AAAAAAAAAAAAGGGT'
'TCR_0xac'	'AAAAAAAAAAAAGGTA'
'TCR_0xad'	'AAAAAAAAAAAAGGTC'
'TCR_0xae'	'AAAAAAAAAAAAGGTG'
'TCR_0xaf'	'AAAAAAAAAAAAGGTT'
'TCR_0xb0'	'AAAAAAAAAAAAGTAA'
'TCR_0xb1'	'AAAAAAAAAAAAGTAC'
'TCR_0xb2'	'AAAAAAAAAAAAGTAG'
'TCR_0xb3'	'AAAAAAAAAAAAGTAT'
'TCR_0xb4'	'AAAAAAAAAAAAGTCA'
'TCR_0xb5'	'AAAAAAAAAAAAGTCC'
'TCR_0xb6'	'AAAAAAAAAAAAGTCG'
'TCR_0xb7'	'AAAAAAAAAAAAGTCT'
'TCR_0xb8'	'AAAAAAAAAAAAGTGA'
'TCR_0xb9'	'AAAAAAAAAAAAGTGC'
'TCR_0xba'	'AAAAAAAAAAAAGTGG'
'TCR_0xbb'	'AAAAAAAAAAAAGTGT'
'TCR_0xbc'	'AAAAAAAAAAAAGTTA'
'TCR_0xbd'	'AAAAAAAAAAAAGTTC'
'TCR_0xbe'	'AAAAAAAAAAAAGTTG'
'TCR_0xbf'	'AAAAAAAAAAAAGTTT'
'TCR_0xc0'	'AAAAAAAAAAAATAAA'
'TCR_0xc1'	'AAAAAAAAAAAATAAC'
'TCR_0xc2'	'AAAAAAAAAAAATAAG'
'TCR_0xc3'	'AAAAAAAAAAAATAAT'
'TCR_0xc4'	'AAAAAAAAAAAATACA'
'TCR_0xc5'	'AAAAAAAAAAAATACC'
'TCR_0xc6'	'AAAAAAAAAAAATACG'
'TCR_0xc7'	'AAAAAAAAAAAATACT'
'TCR_0xc8'	'AAAAAAAAAAAATAGA'
'TCR_0xc9'	'AAAAAAAAAAAATAGC'
'TCR_0xca'	'AAAAAAAAAAAATAGG'
'TCR_0xcb'	'AAAAAAAAAAAATAGT'
'TCR_0xcc'	'AAAAAAAAAAAATATA'
'TCR_0xcd'	'AAAAAAAAAAAATATC'
'TCR_0xce'	'AAAAAAAAAAAATATG'
'TCR_0xcf'	'AAAAAAAAAAAATATT'
'TCR_0xd0'	'AAAAAAAAAAAATCAA'
'TCR_0xd1'	'AAAAAAAAAAAATCAC'
'TCR_0xd2'	'AAAAAAAAAAAATCAG'
'TCR_0xd3'	'AAAAAAAAAAAATCAT'
'TCR_0xd4'	'AAAAAAAAAAAATCCA'
'TCR_0xd5'	'AAAAAAAAAAAATCCC'
'TCR_0xd6'	'AAAAAAAAAAAATCCG'
'TCR_0xd7'	'AAAAAAAAAAAATCCT'
'TCR_0xd8'	'AAAAAAAAAAAATCGA'
'TCR_0xd9'	'AAAAAAAAAAAATCGC'
'TCR_0xda'	'AAAAAAAAAAAATCGG'
'TCR_0xdb'	'AAAAAAAAAAAATCGT'
'TCR_0xdc'	'AAAAAAAAAAAATCTA'
'TCR_0xdd'	'AAAAAAAAAAAATCTC'
'TCR_0xde'	'AAAAAAAAAAAATCTG'
'TCR_0xdf'	'AAAAAAAAAAAATCTT'
'TCR_0xe0'	'AAAAAAAAAAAATGAA'
'TCR_0xe1'	'AAAAAAAAAAAATGAC'
'TCR_0xe2'	'AAAAAAAAAAAATGAG'
'TCR_0xe3'	'AAAAAAAAAAAATGAT'
'TCR_0xe4'	'AAAAAAAAAAAATGCA'
'TCR_0xe5'	'AAAAAAAAAAAATGCC'
'TCR_0xe6'	'AAAAAAAAAAAATGCG'
'TCR_0xe7'	'AAAAAAAAAAAATGCT'
'TCR_0xe8'	'AAAAAAAAAAAATGGA'
'TCR_0xe9'	'AAAAAAAAAAAATGGC'
'TCR_0xea'	'AAAAAAAAAAAATGGG'
'TCR_0xeb'	'AAAAAAAAAAAATGGT'
'TCR_0xec'	'AAAAAAAAAAAATGTA'
'TCR_0xed'	'AAAAAAAAAAAATGTC'
'TCR_0xee'	'AAAAAAAAAAAATGTG'
'TCR_0xef'	'AAAAAAAAAAAATGTT'
'TCR_0xf0'	'AAAAAAAAAAAATTAA'
'TCR_0xf1'	'AAAAAAAAAAAATTAC'
'TCR_0xf2'	'AAAAAAAAAAAATTAG'
'TCR_0xf3'	'AAAAAAAAAAAATTAT'
'TCR_0xf4'	'AAAAAAAAAAAATTCA'
'TCR_0xf5'	'AAAAAAAAAAAATTCC'
'TCR_0xf6'	'AAAAAAAAAAAATTCG'
'TCR_0xf7'	'AAAAAAAAAAAATTCT'
'TCR_0xf8'	'AAAAAAAAAAAATTGA'
'TCR_0xf9'	'AAAAAAAAAAAATTGC'
'TCR_0xfa'	'AAAAAAAAAAAATTGG'
'TCR_0xfb'	'AAAAAAAAAAAATTGT'
'TCR_0xfc'	'AAAAAAAAAAAATTTA'
'TCR_0xfd'	'AAAAAAAAAAAATTTC'
'TCR_0xfe'	'AAAAAAAAAAAATTTG'
'TCR_0xff'	'AAAAAAAAAAAATTTT'
'TCR_0x100'	'AAAAAAAAAAACAAAA'
'TCR_0x101'	'AAAAAAAAAAACAAAC'
'TCR_0x102'	'AAAAAAAAAAACAAAG'
'TCR_0x103'	'AAAAAAAAAAACAAAT'
'TCR_0x104'	'AAAAAAAAAAACAACA'
'TCR_0x105'	'AAAAAAAAAAACAACC'
'TCR_0x106'	'AAAAAAAAAAACAACG'
'TCR_0x107'	'AAAAAAAAAAACAACT'
'TCR_0x108'	'AAAAAAAAAAACAAGA'
'TCR_0x109'	'AAAAAAAAAAACAAGC'
'TCR_0x10a'	'AAAAAAAAAAACAAGG'
'TCR_0x10b'	'AAAAAAAAAAACAAGT'
'TCR_0x10c'	'AAAAAAAAAAACAATA'
'TCR_0x10d'	'AAAAAAAAAAACAATC'
'TCR_0x10e'	'AAAAAAAAAAACAATG'
'TCR_0x10f'	'AAAAAAAAAAACAATT'
'TCR_0x110'	'AAAAAAAAAAACACAA'
'TCR_0x111'	'AAAAAAAAAAACACAC'
'TCR_0x112'	'AAAAAAAAAAACACAG'
'TCR_0x113'	'AAAAAAAAAAACACAT'
'TCR_0x114'	'AAAAAAAAAAACACCA'
'TCR_0x115'	'AAAAAAAAAAACACCC'
'TCR_0x116'	'AAAAAAAAAAACACCG'
'TCR_0x117'	'AAAAAAAAAAACACCT'
'TCR_0x118'	'AAAAAAAAAAACACGA'
'TCR_0x119'	'AAAAAAAAAAACACGC'
'TCR_0x11a'	'AAAAAAAAAAACACGG'
'TCR_0x11b'	'AAAAAAAAAAACACGT'
'TCR_0x11c'	'AAAAAAAAAAACACTA'
'TCR_0x11d'	'AAAAAAAAAAACACTC'
'TCR_0x11e'	'AAAAAAAAAAACACTG'
'TCR_0x11f'	'AAAAAAAAAAACACTT'
'TCR_0x120'	'AAAAAAAAAAACAGAA'
'TCR_0x121'	'AAAAAAAAAAACAGAC'
'TCR_0x122'	'AAAAAAAAAAACAGAG'
'TCR_0x123'	'AAAAAAAAAAACAGAT'
'TCR_0x124'	'AAAAAAAAAAACAGCA'
'TCR_0x125'	'AAAAAAAAAAACAGCC'
'TCR_0x126'	'AAAAAAAAAAACAGCG'
'TCR_0x127'	'AAAAAAAAAAACAGCT'
'TCR_0x128'	'AAAAAAAAAAACAGGA'
'TCR_0x129'	'AAAAAAAAAAACAGGC'
'TCR_0x12a'	'AAAAAAAAAAACAGGG'
'TCR_0x12b'	'AAAAAAAAAAACAGGT'
'TCR_0x12c'	'AAAAAAAAAAACAGTA'
'TCR_0x12d'	'AAAAAAAAAAACAGTC'
'TCR_0x12e'	'AAAAAAAAAAACAGTG'
'TCR_0x12f'	'AAAAAAAAAAACAGTT'
'TCR_0x130'	'AAAAAAAAAAACATAA'
'TCR_0x131'	'AAAAAAAAAAACATAC'
'TCR_0x132'	'AAAAAAAAAAACATAG'
'TCR_0x133'	'AAAAAAAAAAACATAT'
'TCR_0x134'	'AAAAAAAAAAACATCA'
'TCR_0x135'	'AAAAAAAAAAACATCC'
'TCR_0x136'	'AAAAAAAAAAACATCG'
'TCR_0x137'	'AAAAAAAAAAACATCT'
'TCR_0x138'	'AAAAAAAAAAACATGA'
'TCR_0x139'	'AAAAAAAAAAACATGC'
'TCR_0x13a'	'AAAAAAAAAAACATGG'
'TCR_0x13b'	'AAAAAAAAAAACATGT'
'TCR_0x13c'	'AAAAAAAAAAACATTA'
'TCR_0x13d'	'AAAAAAAAAAACATTC'
'TCR_0x13e'	'AAAAAAAAAAACATTG'
'TCR_0x13f'	'AAAAAAAAAAACATTT'
'TCR_0x140'	'AAAAAAAAAAACCAAA'
'TCR_0x141'	'AAAAAAAAAAACCAAC'
'TCR_0x142'	'AAAAAAAAAAACCAAG'
'TCR_0x143'	'AAAAAAAAAAACCAAT'
'TCR_0x144'	'AAAAAAAAAAACCACA'
'TCR_0x145'	'AAAAAAAAAAACCACC'
'TCR_0x146'	'AAAAAAAAAAACCACG'
'TCR_0x147'	'AAAAAAAAAAACCACT'
'TCR_0x148'	'AAAAAAAAAAACCAGA'
'TCR_0x149'	'AAAAAAAAAAACCAGC'
'TCR_0x14a'	'AAAAAAAAAAACCAGG'
'TCR_0x14b'	'AAAAAAAAAAACCAGT'
'TCR_0x14c'	'AAAAAAAAAAACCATA'
'TCR_0x14d'	'AAAAAAAAAAACCATC'
'TCR_0x14e'	'AAAAAAAAAAACCATG'
'TCR_0x14f'	'AAAAAAAAAAACCATT'
'TCR_0x150'	'AAAAAAAAAAACCCAA'
'TCR_0x151'	'AAAAAAAAAAACCCAC'
'TCR_0x152'	'AAAAAAAAAAACCCAG'
'TCR_0x153'	'AAAAAAAAAAACCCAT'
'TCR_0x154'	'AAAAAAAAAAACCCCA'
'TCR_0x155'	'AAAAAAAAAAACCCCC'
'TCR_0x156'	'AAAAAAAAAAACCCCG'
'TCR_0x157'	'AAAAAAAAAAACCCCT'
'TCR_0x158'	'AAAAAAAAAAACCCGA'
'TCR_0x159'	'AAAAAAAAAAACCCGC'
'TCR_0x15a'	'AAAAAAAAAAACCCGG'
'TCR_0x15b'	'AAAAAAAAAAACCCGT'
'TCR_0x15c'	'AAAAAAAAAAACCCTA'
'TCR_0x15d'	'AAAAAAAAAAACCCTC'
'TCR_0x15e'	'AAAAAAAAAAACCCTG'
'TCR_0x15f'	'AAAAAAAAAAACCCTT'
'TCR_0x160'	'AAAAAAAAAAACCGAA'
'TCR_0x161'	'AAAAAAAAAAACCGAC'
'TCR_0x162'	'AAAAAAAAAAACCGAG'
'TCR_0x163'	'AAAAAAAAAAACCGAT'
'TCR_0x164'	'AAAAAAAAAAACCGCA'
'TCR_0x165'	'AAAAAAAAAAACCGCC'
'TCR_0x166'	'AAAAAAAAAAACCGCG'
'TCR_0x167'	'AAAAAAAAAAACCGCT'
'TCR_0x168'	'AAAAAAAAAAACCGGA'
'TCR_0x169'	'AAAAAAAAAAACCGGC'
'TCR_0x16a'	'AAAAAAAAAAACCGGG'
'TCR_0x16b'	'AAAAAAAAAAACCGGT'
'TCR_0x16c'	'AAAAAAAAAAACCGTA'
'TCR_0x16d'	'AAAAAAAAAAACCGTC'
'TCR_0x16e'	'AAAAAAAAAAACCGTG'
'TCR_0x16f'	'AAAAAAAAAAACCGTT'
'TCR_0x170'	'AAAAAAAAAAACCTAA'
'TCR_0x171'	'AAAAAAAAAAACCTAC'
'TCR_0x172'	'AAAAAAAAAAACCTAG'
'TCR_0x173'	'AAAAAAAAAAACCTAT'
'TCR_0x174'	'AAAAAAAAAAACCTCA'
'TCR_0x175'	'AAAAAAAAAAACCTCC'
'TCR_0x176'	'AAAAAAAAAAACCTCG'
'TCR_0x177'	'AAAAAAAAAAACCTCT'
'TCR_0x178'	'AAAAAAAAAAACCTGA'
'TCR_0x179'	'AAAAAAAAAAACCTGC'
'TCR_0x17a'	'AAAAAAAAAAACCTGG'
'TCR_0x17b'	'AAAAAAAAAAACCTGT'
'TCR_0x17c'	'AAAAAAAAAAACCTTA'
'TCR_0x17d'	'AAAAAAAAAAACCTTC'
'TCR_0x17e'	'AAAAAAAAAAACCTTG'
'TCR_0x17f'	'AAAAAAAAAAACCTTT'
'TCR_0x180'	'AAAAAAAAAAACGAAA'
'TCR_0x181'	'AAAAAAAAAAACGAAC'
'TCR_0x182'	'AAAAAAAAAAACGAAG'
'TCR_0x183'	'AAAAAAAAAAACGAAT'
'TCR_0x184'	'AAAAAAAAAAACGACA'
'TCR_0x185'	'AAAAAAAAAAACGACC'
'TCR_0x186'	'AAAAAAAAAAACGACG'
'TCR_0x187'	'AAAAAAAAAAACGACT'
'TCR_0x188'	'AAAAAAAAAAACGAGA'
'TCR_0x189'	'AAAAAAAAAAACGAGC'
'TCR_0x18a'	'AAAAAAAAAAACGAGG'
'TCR_0x18b'	'AAAAAAAAAAACGAGT'
'TCR_0x18c'	'AAAAAAAAAAACGATA'
'TCR_0x18d'	'AAAAAAAAAAACGATC'
'TCR_0x18e'	'AAAAAAAAAAACGATG'
'TCR_0x18f'	'AAAAAAAAAAACGATT'
'TCR_0x190'	'AAAAAAAAAAACGCAA'
'TCR_0x191'	'AAAAAAAAAAACGCAC'
'TCR_0x192'	'AAAAAAAAAAACGCAG'
'TCR_0x193'	'AAAAAAAAAAACGCAT'
'TCR_0x194'	'AAAAAAAAAAACGCCA'
'TCR_0x195'	'AAAAAAAAAAACGCCC'
'TCR_0x196'	'AAAAAAAAAAACGCCG'
'TCR_0x197'	'AAAAAAAAAAACGCCT'
'TCR_0x198'	'AAAAAAAAAAACGCGA'
'TCR_0x199'	'AAAAAAAAAAACGCGC'
'TCR_0x19a'	'AAAAAAAAAAACGCGG'
'TCR_0x19b'	'AAAAAAAAAAACGCGT'
'TCR_0x19c'	'AAAAAAAAAAACGCTA'
'TCR_0x19d'	'AAAAAAAAAAACGCTC'
'TCR_0x19e'	'AAAAAAAAAAACGCTG'
'TCR_0x19f'	'AAAAAAAAAAACGCTT'
'TCR_0x1a0'	'AAAAAAAAAAACGGAA'
'TCR_0x1a1'	'AAAAAAAAAAACGGAC'
'TCR_0x1a2'	'AAAAAAAAAAACGGAG'
'TCR_0x1a3'	'AAAAAAAAAAACGGAT'
'TCR_0x1a4'	'AAAAAAAAAAACGGCA'
'TCR_0x1a5'	'AAAAAAAAAAACGGCC'
'TCR_0x1a6'	'AAAAAAAAAAACGGCG'
'TCR_0x1a7'	'AAAAAAAAAAACGGCT'
'TCR_0x1a8'	'AAAAAAAAAAACGGGA'
'TCR_0x1a9'	'AAAAAAAAAAACGGGC'
'TCR_0x1aa'	'AAAAAAAAAAACGGGG'
'TCR_0x1ab'	'AAAAAAAAAAACGGGT'
'TCR_0x1ac'	'AAAAAAAAAAACGGTA'
'TCR_0x1ad'	'AAAAAAAAAAACGGTC'
'TCR_0x1ae'	'AAAAAAAAAAACGGTG'
'TCR_0x1af'	'AAAAAAAAAAACGGTT'
'TCR_0x1b0'	'AAAAAAAAAAACGTAA'
'TCR_0x1b1'	'AAAAAAAAAAACGTAC'
'TCR_0x1b2'	'AAAAAAAAAAACGTAG'
'TCR_0x1b3'	'AAAAAAAAAAACGTAT'
'TCR_0x1b4'	'AAAAAAAAAAACGTCA'
'TCR_0x1b5'	'AAAAAAAAAAACGTCC'
'TCR_0x1b6'	'AAAAAAAAAAACGTCG'
'TCR_0x1b7'	'AAAAAAAAAAACGTCT'
'TCR_0x1b8'	'AAAAAAAAAAACGTGA'
'TCR_0x1b9'	'AAAAAAAAAAACGTGC'
'TCR_0x1ba'	'AAAAAAAAAAACGTGG'
'TCR_0x1bb'	'AAAAAAAAAAACGTGT'
'TCR_0x1bc'	'AAAAAAAAAAACGTTA'
'TCR_0x1bd'	'AAAAAAAAAAACGTTC'
'TCR_0x1be'	'AAAAAAAAAAACGTTG'
'TCR_0x1bf'	'AAAAAAAAAAACGTTT'
'TCR_0x1c0'	'AAAAAAAAAAACTAAA'
'TCR_0x1c1'	'AAAAAAAAAAACTAAC'
'TCR_0x1c2'	'AAAAAAAAAAACTAAG'
'TCR_0x1c3'	'AAAAAAAAAAACTAAT'
'TCR_0x1c4'	'AAAAAAAAAAACTACA'
'TCR_0x1c5'	'AAAAAAAAAAACTACC'
'TCR_0x1c6'	'AAAAAAAAAAACTACG'
'TCR_0x1c7'	'AAAAAAAAAAACTACT'
'TCR_0x1c8'	'AAAAAAAAAAACTAGA'
'TCR_0x1c9'	'AAAAAAAAAAACTAGC'
'TCR_0x1ca'	'AAAAAAAAAAACTAGG'
'TCR_0x1cb'	'AAAAAAAAAAACTAGT'
'TCR_0x1cc'	'AAAAAAAAAAACTATA'
'TCR_0x1cd'	'AAAAAAAAAAACTATC'
'TCR_0x1ce'	'AAAAAAAAAAACTATG'
'TCR_0x1cf'	'AAAAAAAAAAACTATT'
'TCR_0x1d0'	'AAAAAAAAAAACTCAA'
'TCR_0x1d1'	'AAAAAAAAAAACTCAC'
'TCR_0x1d2'	'AAAAAAAAAAACTCAG'
'TCR_0x1d3'	'AAAAAAAAAAACTCAT'
'TCR_0x1d4'	'AAAAAAAAAAACTCCA'
'TCR_0x1d5'	'AAAAAAAAAAACTCCC'
'TCR_0x1d6'	'AAAAAAAAAAACTCCG'
'TCR_0x1d7'	'AAAAAAAAAAACTCCT'
'TCR_0x1d8'	'AAAAAAAAAAACTCGA'
'TCR_0x1d9'	'AAAAAAAAAAACTCGC'
'TCR_0x1da'	'AAAAAAAAAAACTCGG'
'TCR_0x1db'	'AAAAAAAAAAACTCGT'
'TCR_0x1dc'	'AAAAAAAAAAACTCTA'
'TCR_0x1dd'	'AAAAAAAAAAACTCTC'
'TCR_0x1de'	'AAAAAAAAAAACTCTG'
'TCR_0x1df'	'AAAAAAAAAAACTCTT'
'TCR_0x1e0'	'AAAAAAAAAAACTGAA'
'TCR_0x1e1'	'AAAAAAAAAAACTGAC'
'TCR_0x1e2'	'AAAAAAAAAAACTGAG'
'TCR_0x1e3'	'AAAAAAAAAAACTGAT'
'TCR_0x1e4'	'AAAAAAAAAAACTGCA'
'TCR_0x1e5'	'AAAAAAAAAAACTGCC'
'TCR_0x1e6'	'AAAAAAAAAAACTGCG'
'TCR_0x1e7'	'AAAAAAAAAAACTGCT'
'TCR_0x1e8'	'AAAAAAAAAAACTGGA'
'TCR_0x1e9'	'AAAAAAAAAAACTGGC'
'TCR_0x1ea'	'AAAAAAAAAAACTGGG'
'TCR_0x1eb'	'AAAAAAAAAAACTGGT'
'TCR_0x1ec'	'AAAAAAAAAAACTGTA'
'TCR_0x1ed'	'AAAAAAAAAAACTGTC'
'TCR_0x1ee'	'AAAAAAAAAAACTGTG'
'TCR_0x1ef'	'AAAAAAAAAAACTGTT'
'TCR_0x1f0'	'AAAAAAAAAAACTTAA'
'TCR_0x1f1'	'AAAAAAAAAAACTTAC'
'TCR_0x1f2'	'AAAAAAAAAAACTTAG'
'TCR_0x1f3'	'AAAAAAAAAAACTTAT'
