barcode	chain	v_gene	j_gene	cdr3aa
AAAAAAAAAAAAAAAA	TRA	TRAV1-1	TRAJ26	CAVNPQNYGQNFVF
AAAAAAAAAAAAAAAA	TRB	TRBV11-3	TRBJ1-2	CASSTSRTMSNYGYTF
AAAAAAAAAAAAAAAC	TRA	TRAV38-1	TRAJ23	CAFMNSEYNQGGKLIF
AAAAAAAAAAAAAAAC	TRB	TRBV20-1	TRBJ2-7	CSEAGYRPSYEQYF
AAAAAAAAAAAAAAAG	TRA	TRAV1-1	TRAJ32	CAVRANYGGATNKLIF
AAAAAAAAAAAAAAAG	TRB	TRBV6-6	TRBJ1-4	CASGSRMVGGDTNEKLFF
AAAAAAAAAAAAAAAT	TRA	TRAV29DV5	TRAJ56	CAASGWDGANSKLTF
AAAAAAAAAAAAAAAT	TRB	TRBV4-2	TRBJ1-1	CASSAGHQAEEAFF
AAAAAAAAAAAAAACA	TRA	TRAV1-2	TRAJ33	DLPVGDSNYQLIW
AAAAAAAAAAAAAACA	TRB	TRBV12-3	TRBJ2-3	CLVGSSDTQYF
AAAAAAAAAAAAAACC	TRA	TRAV29DV5	TRAJ36	CAAVDANNLFF
AAAAAAAAAAAAAACC	TRB	TRBV10-3	TRBJ2-2	CAISGRRRNTGELFF
AAAAAAAAAAAAAACG	TRA	TRAV12-1	TRAJ37	CVASGGSSNTGKLIF
AAAAAAAAAAAAAACG	TRB	TRBV5-5	TRBJ1-1	CASDPEHTEAFF
AAAAAAAAAAAAAACT	TRA	TRAV8-1	TRAJ12	CARQDSYKLIF
AAAAAAAAAAAAAACT	TRB	TRBV3-1	TRBJ2-3	CASSRRRTVWRTDTQYF
AAAAAAAAAAAAAAGA	TRA	TRAV12-2	TRAJ41	CATGNSNSGYALNF
AAAAAAAAAAAAAAGA	TRB	TRBV9	TRBJ1-5	CASSRRDGASSNQPQHF
AAAAAAAAAAAAAAGC	TRA	TRAV8-2	TRAJ23	CVVSRYIYNQGGKLIF
AAAAAAAAAAAAAAGC	TRB	TRBV6-5	TRBJ2-7	CASTSSYEQYF
AAAAAAAAAAAAAAGG	TRA	TRAV27	TRAJ57	CDTNTQGGSEKLVF
AAAAAAAAAAAAAAGG	TRB	TRBV6-6	TRBJ2-1	CASSDASPYNEQFF
AAAAAAAAAAAAAAGT	TRA	TRAV27	TRAJ40	CDMSGTYKYIF
AAAAAAAAAAAAAAGT	TRB	TRBV27	TRBJ2-7	CASFLWTGSWEQYF
AAAAAAAAAAAAAATA	TRA	TRAV26-2	TRAJ54	CILGGAQKLVF
AAAAAAAAAAAAAATA	TRB	TRBV6-5	TRBJ1-5	CADQTGYNQPQHF
AAAAAAAAAAAAAATC	TRA	TRAV34	TRAJ53	CGAVPLSGGSNYKLTF
AAAAAAAAAAAAAATC	TRB	TRBV6-6	TRBJ2-5	CASSTNPVAHAWTQYF
AAAAAAAAAAAAAATG	TRA	TRAV38-2DV8	TRAJ54	CAYRDWDQGAQKLVF
AAAAAAAAAAAAAATG	TRB	TRBV5-6	TRBJ1-2	CASSAWWRGGLTNYGYTF
AAAAAAAAAAAAAATT	TRA	TRAV12-1	TRAJ10	CVGLTGGGNKLTF
AAAAAAAAAAAAAATT	TRB	TRBV5-1	TRBJ2-5	CASSRTALIETQYF
AAAAAAAAAAAAACAA	TRA	TRAV16	TRAJ31	CAQSGNNNARLMF
AAAAAAAAAAAAACAA	TRB	TRBV27	TRBJ1-1	CASSFRTSGEAFF
AAAAAAAAAAAAACAC	TRA	TRAV12-2	TRAJ12	CAVELMDSSYKLIF
AAAAAAAAAAAAACAC	TRB	TRBV5-5	TRBJ1-5	CASGGYSNQPQHF
AAAAAAAAAAAAACAG	TRA	TRAV13-1	TRAJ45	CANIKSGGGADGLTF
AAAAAAAAAAAAACAG	TRB	TRBV20-1	TRBJ2-1	CSRALGRSGSYNEQFF
AAAAAAAAAAAAACAT	TRA	TRAV5	TRAJ29	CAAAVTLVMNLTPLVF
AAAAAAAAAAAAACAT	TRB	TRBV19	TRBJ1-3	CASTLSGVGFSGNTIYF
AAAAAAAAAAAAACCA	TRA	TRAV12-2	TRAJ36	CPSTGANNLFF
AAAAAAAAAAAAACCA	TRB	TRBV4-2	TRBJ1-4	CASSVRERAFLNEKLFF
AAAAAAAAAAAAACCC	TRA	TRAV1-2	TRAJ40	RSIITTSGTYKYIF
AAAAAAAAAAAAACCC	TRB	TRBV11-1	TRBJ2-7	CATGFSYEQYF
AAAAAAAAAAAAACCG	TRA	TRAV16	TRAJ40	CALRVPTSGTYKYIF
AAAAAAAAAAAAACCG	TRB	TRBV19	TRBJ2-5	CADERGAWDQETQYF
AAAAAAAAAAAAACCT	TRA	TRAV21	TRAJ37	CAVGDYGSSNTGKLIF
AAAAAAAAAAAAACCT	TRB	TRBV28	TRBJ2-4	CAADTEVLAKNIQYF
AAAAAAAAAAAAACGA	TRA	TRAV38-1	TRAJ30	CAFTSQPGNRDDKIIF
AAAAAAAAAAAAACGA	TRB	TRBV7-2	TRBJ1-3	CASEGGGLSGNTIYF
AAAAAAAAAAAAACGC	TRA	TRAV29DV5	TRAJ28	CATPGAGSYQLTF
AAAAAAAAAAAAACGC	TRB	TRBV12-5	TRBJ1-4	CASSGQGAKNEKLFF
AAAAAAAAAAAAACGG	TRA	TRAV26-1	TRAJ31	CIVRSPGNNNARLMF
AAAAAAAAAAAAACGG	TRB	TRBV20-1	TRBJ1-4	CSARSPRARQEEKLFF
AAAAAAAAAAAAACGT	TRA	TRAV26-2	TRAJ43	CILRFDNNDMRF
AAAAAAAAAAAAACGT	TRB	TRBV27	TRBJ1-2	CAGQRGDGYTF
AAAAAAAAAAAAACTA	TRA	TRAV5	TRAJ13	CALMNSGGYQKVTF
AAAAAAAAAAAAACTA	TRB	TRBV19	TRBJ1-5	CASSVGGAFSNQPQHF
AAAAAAAAAAAAACTC	TRA	TRAV13-1	TRAJ49	CAAPSTGNQFYF
AAAAAAAAAAAAACTC	TRB	TRBV7-9	TRBJ1-5	CATLGSVYSNQPQHF
AAAAAAAAAAAAACTG	TRA	TRAV3	TRAJ20	CAVQHKSNDYKLSF
AAAAAAAAAAAAACTG	TRB	TRBV6-1	TRBJ2-5	CASWLSETQYF
AAAAAAAAAAAAACTT	TRA	TRAV12-2	TRAJ9	CAVGIITGGFKTIF
AAAAAAAAAAAAACTT	TRB	TRBV20-1	TRBJ2-4	CLRTGGGGAKNIQYF
AAAAAAAAAAAAAGAA	TRA	TRAV13-2	TRAJ32	CAEGPNNYGGATNKLIF
AAAAAAAAAAAAAGAA	TRB	TRBV27	TRBJ2-7	CASSRGGGDSPSYEQYF
AAAAAAAAAAAAAGAC	TRA	TRAV8-3	TRAJ37	CAVELGASSNTGKLIF
AAAAAAAAAAAAAGAC	TRB	TRBV27	TRBJ2-6	CASSGRRGIGGANVLTF
AAAAAAAAAAAAAGAG	TRA	TRAV19	TRAJ33	CALSAGKDSNYQLIW
AAAAAAAAAAAAAGAG	TRB	TRBV30	TRBJ2-1	CARDTAGRYNEQFF
AAAAAAAAAAAAAGAT	TRA	TRAV8-4	TRAJ53	CAVTQNSGGSNYKLTF
AAAAAAAAAAAAAGAT	TRB	TRBV4-2	TRBJ2-1	CASGSNSANEQFF
AAAAAAAAAAAAAGCA	TRA	TRAV20	TRAJ13	CERVNSGGYQKVTF
AAAAAAAAAAAAAGCA	TRB	TRBV28	TRBJ2-3	CASRRSPTDTQYF
AAAAAAAAAAAAAGCC	TRA	TRAV29DV5	TRAJ24	CAGATTTDSWGKFQF
AAAAAAAAAAAAAGCC	TRB	TRBV6-6	TRBJ2-7	CASRRVYSYEQYF
AAAAAAAAAAAAAGCG	TRA	TRAV10	TRAJ6	CVRVDASGGSYIPTF
AAAAAAAAAAAAAGCG	TRB	TRBV27	TRBJ2-5	CASSPGAPGQETQYF
AAAAAAAAAAAAAGCT	TRA	TRAV1-1	TRAJ11	CASAGVTGDNSGYSTLTF
AAAAAAAAAAAAAGCT	TRB	TRBV4-2	TRBJ1-4	CADDGGSTNEKLFF
AAAAAAAAAAAAAGGA	TRA	TRAV8-4	TRAJ13	CAVLDFGNSGGYQKVTF
AAAAAAAAAAAAAGGA	TRB	TRBV9	TRBJ2-3	CASSRPEGQVASDTQYF
AAAAAAAAAAAAAGGC	TRA	TRAV12-1	TRAJ18	CVVLRDRGSTLGRLYF
AAAAAAAAAAAAAGGC	TRB	TRBV5-1	TRBJ2-1	CASSEGTEYSYNEQFF
AAAAAAAAAAAAAGGG	TRA	TRAV17	TRAJ31	CASDPSFRLMF
AAAAAAAAAAAAAGGG	TRB	TRBV20-1	TRBJ2-4	CSADTLRGLTAKNIQYF
AAAAAAAAAAAAAGGT	TRA	TRAV17	TRAJ10	CATGGTGGGNKLTF
AAAAAAAAAAAAAGGT	TRB	TRBV3-1	TRBJ2-2	CNRSGDDTGELFF
AAAAAAAAAAAAAGTA	TRA	TRAV21	TRAJ17	CAVQDGIKAAGNKLTF
AAAAAAAAAAAAAGTA	TRB	TRBV20-1	TRBJ1-2	CSAPAQNYGYTF
AAAAAAAAAAAAAGTC	TRA	TRAV8-3	TRAJ9	CGPGNTGGFKTIF
AAAAAAAAAAAAAGTC	TRB	TRBV10-2	TRBJ2-1	CAGQHGRYNEQFF
AAAAAAAAAAAAAGTG	TRA	TRAV16	TRAJ9	CALLATGGFKTIF
AAAAAAAAAAAAAGTG	TRB	TRBV7-6	TRBJ2-1	CADGGAAMSYNEQFF
AAAAAAAAAAAAAGTT	TRA	TRAV22	TRAJ50	CAKFSRTSYDKVIF
AAAAAAAAAAAAAGTT	TRB	TRBV15	TRBJ1-5	CATSGLEGSNQPQHF
AAAAAAAAAAAAATAA	TRA	TRAV36DV7	TRAJ52	CAVVGGTSYGKLTF
AAAAAAAAAAAAATAA	TRB	TRBV28	TRBJ1-6	CASSYVGYNSPLHF
AAAAAAAAAAAAATAC	TRA	TRAV12-2	TRAJ9	CAVEGSNTGGFKTIF
AAAAAAAAAAAAATAC	TRB	TRBV5-1	TRBJ2-2	CASSYALSGGRTNTGELFF
AAAAAAAAAAAAATAG	TRA	TRAV8-2	TRAJ17	CVPPRPFAGNKLTF
AAAAAAAAAAAAATAG	TRB	TRBV12-3	TRBJ2-3	CASDPGGDTQYF
AAAAAAAAAAAAATAT	TRA	TRAV10	TRAJ26	CVVVILGDNYGQNFVF
AAAAAAAAAAAAATAT	TRB	TRBV9	TRBJ2-2	CASSWGGQAVGELFF
AAAAAAAAAAAAATCA	TRA	TRAV17	TRAJ23	CANAGYNQGGKLIF
AAAAAAAAAAAAATCA	TRB	TRBV10-3	TRBJ1-5	CAINLEGFGPVASNQPQHF
AAAAAAAAAAAAATCC	TRA	TRAV8-1	TRAJ6	CAVSGSYIPTF
AAAAAAAAAAAAATCC	TRB	TRBV14	TRBJ1-1	CASSEPGESNTEAFF
AAAAAAAAAAAAATCG	TRA	TRAV21	TRAJ22	CAVSLFGSARQLTF
AAAAAAAAAAAAATCG	TRB	TRBV24-1	TRBJ2-7	CATSDTGVGGSPAYEQYF
AAAAAAAAAAAAATCT	TRA	TRAV8-2	TRAJ30	CVVDPSGNRDDKIIF
AAAAAAAAAAAAATCT	TRB	TRBV12-3	TRBJ1-1	CASRRRATELFNTEAFF
AAAAAAAAAAAAATGA	TRA	TRAV38-1	TRAJ45	CAFGYSGGGADGLTF
AAAAAAAAAAAAATGA	TRB	TRBV9	TRBJ1-6	CAERTNGGLPDSYNSPLHF
AAAAAAAAAAAAATGC	TRA	TRAV2	TRAJ31	CAVSKSNNARLMF
AAAAAAAAAAAAATGC	TRB	TRBV27	TRBJ2-7	CASPPRGGASYEQYF
AAAAAAAAAAAAATGG	TRA	TRAV2	TRAJ30	CAVSRDDKIIF
AAAAAAAAAAAAATGG	TRB	TRBV5-1	TRBJ1-3	CASPGKGGGVYSGNTIYF
AAAAAAAAAAAAATGT	TRA	TRAV12-2	TRAJ53	CLRNSGGSNYKLTF
AAAAAAAAAAAAATGT	TRB	TRBV9	TRBJ2-2	CASSSQVNTGELFF
AAAAAAAAAAAAATTA	TRA	TRAV30	TRAJ28	CSREYSGAGSYQLTF
AAAAAAAAAAAAATTA	TRB	TRBV6-1	TRBJ1-1	CASSTIRRGEINTEAFF
AAAAAAAAAAAAATTC	TRA	TRAV13-1	TRAJ50	CAAKRRTWTSYDKVIF
AAAAAAAAAAAAATTC	TRB	TRBV5-1	TRBJ2-5	CASTTSQGRETQYF
AAAAAAAAAAAAATTG	TRA	TRAV14DV4	TRAJ20	CAMHRSNDYKLSF
AAAAAAAAAAAAATTG	TRB	TRBV5-4	TRBJ2-5	CASLNAGQETQYF
AAAAAAAAAAAAATTT	TRA	TRAV17	TRAJ17	CADGFIKAAGNKLTF
AAAAAAAAAAAAATTT	TRB	TRBV13	TRBJ2-3	CASSRPRTGVRTDTQYF
AAAAAAAAAAAACAAA	TRA	TRAV3	TRAJ3	CAPIHGYSSASKIIF
AAAAAAAAAAAACAAA	TRB	TRBV7-9	TRBJ1-5	CASADIGVRSNQPQHF
AAAAAAAAAAAACAAC	TRA	TRAV8-2	TRAJ48	CVVKAGSSNFGNEKLTF
AAAAAAAAAAAACAAC	TRB	TRBV5-5	TRBJ2-2	CASFWDNTGELFF
AAAAAAAAAAAACAAG	TRA	TRAV38-2DV8	TRAJ43	CADDDNNDMRF
AAAAAAAAAAAACAAG	TRB	TRBV4-1	TRBJ2-3	CASSWLNGQRAGATQYF
AAAAAAAAAAAACAAT	TRA	TRAV12-1	TRAJ21	CVVRGNNFNKFYF
AAAAAAAAAAAACAAT	TRB	TRBV12-4	TRBJ2-7	CAPDRRPSYEQYF
AAAAAAAAAAAACACA	TRA	TRAV38-2DV8	TRAJ50	CAYRSILKTSYDKVIF
AAAAAAAAAAAACACA	TRB	TRBV4-2	TRBJ1-5	CASRQVGVRVNQPQHF
AAAAAAAAAAAACACC	TRA	TRAV19	TRAJ45	CALSVYSGGGADGLTF
AAAAAAAAAAAACACC	TRB	TRBV7-9	TRBJ2-5	CASSALPRLNETQYF
AAAAAAAAAAAACACG	TRA	TRAV25	TRAJ6	CTTHSYASGGSYIPTF
AAAAAAAAAAAACACG	TRB	TRBV16	TRBJ1-5	CASSRHPRGPGSNQPQHF
AAAAAAAAAAAACACT	TRA	TRAV8-3	TRAJ20	CAVTAGYKLSF
AAAAAAAAAAAACACT	TRB	TRBV19	TRBJ1-5	CASSRRSRNAWSNQPQHF
AAAAAAAAAAAACAGA	TRA	TRAV3	TRAJ44	CAVRGRTGTASKLTF
AAAAAAAAAAAACAGA	TRB	TRBV6-1	TRBJ2-2	CASSKGPRGGGELFF
AAAAAAAAAAAACAGC	TRA	TRAV38-2DV8	TRAJ57	CAYEPRTQGGSEKLVF
AAAAAAAAAAAACAGC	TRB	TRBV6-6	TRBJ2-5	CASSRGTGQETQYF
AAAAAAAAAAAACAGG	TRA	TRAV19	TRAJ20	CALGSNDYKLSF
AAAAAAAAAAAACAGG	TRB	TRBV27	TRBJ1-1	CASSTSGRAANTEAFF
AAAAAAAAAAAACAGT	TRA	TRAV26-1	TRAJ28	CIPGGSYQLTF
AAAAAAAAAAAACAGT	TRB	TRBV7-2	TRBJ2-2	CASNAGGHNTGELFF
AAAAAAAAAAAACATA	TRA	TRAV17	TRAJ54	CAEKIQGAQKLVF
AAAAAAAAAAAACATA	TRB	TRBV10-2	TRBJ2-3	CASFTTTGNGTDTQYF
AAAAAAAAAAAACATC	TRA	TRAV27	TRAJ36	CADLGGTGANNLFF
AAAAAAAAAAAACATC	TRB	TRBV5-1	TRBJ2-3	CASSTRDSTSYNTQYF
AAAAAAAAAAAACATG	TRA	TRAV19	TRAJ53	CALSKLANSGGSNYKLTF
AAAAAAAAAAAACATG	TRB	TRBV19	TRBJ2-3	CASNTGGLDTQYF
AAAAAAAAAAAACATT	TRA	TRAV21	TRAJ49	CAVGAYNTGNQFYF
AAAAAAAAAAAACATT	TRB	TRBV6-1	TRBJ1-5	CASASEVLEEFNQPQHF
AAAAAAAAAAAACCAA	TRA	TRAV26-2	TRAJ47	CILRNRSEYGNKLVF
AAAAAAAAAAAACCAA	TRB	TRBV5-1	TRBJ1-2	CASTAGGGYTF
AAAAAAAAAAAACCAC	TRA	TRAV17	TRAJ31	CSRSANARLMF
AAAAAAAAAAAACCAC	TRB	TRBV11-1	TRBJ2-7	CASSQPSAARLSYEQYF
AAAAAAAAAAAACCAG	TRA	TRAV8-1	TRAJ39	CHLNAGNMLTF
AAAAAAAAAAAACCAG	TRB	TRBV12-4	TRBJ2-3	CASSRPTTGPAWSTDTQYF
AAAAAAAAAAAACCAT	TRA	TRAV24	TRAJ10	CDRPSLTGGGNKLTF
AAAAAAAAAAAACCAT	TRB	TRBV9	TRBJ2-3	CASSTILSGHGTDTQYF
AAAAAAAAAAAACCCA	TRA	TRAV17	TRAJ58	CATLEETSGSRLTF
AAAAAAAAAAAACCCA	TRB	TRBV11-1	TRBJ2-1	CAYLGKGSYNEQFF
AAAAAAAAAAAACCCC	TRA	TRAV12-2	TRAJ9	CAVSALATGGFKTIF
AAAAAAAAAAAACCCC	TRB	TRBV5-1	TRBJ2-1	CASSVMSYNEQFF
AAAAAAAAAAAACCCG	TRA	TRAV10	TRAJ45	TPMPSYSGGGADGLTF
AAAAAAAAAAAACCCG	TRB	TRBV12-4	TRBJ1-1	CASRFTRGSMMNTEAFF
AAAAAAAAAAAACCCT	TRA	TRAV5	TRAJ12	CAGDMDSSYKLIF
AAAAAAAAAAAACCCT	TRB	TRBV11-3	TRBJ2-5	CASRGLGVTQETQYF
AAAAAAAAAAAACCGA	TRA	TRAV26-1	TRAJ22	CIVRSNPGSGSARQLTF
AAAAAAAAAAAACCGA	TRB	TRBV20-1	TRBJ2-4	CSTLGVLKLNIQYF
AAAAAAAAAAAACCGC	TRA	TRAV21	TRAJ33	CANPSDSNYQLIW
AAAAAAAAAAAACCGC	TRB	TRBV5-4	TRBJ1-2	CASRYRQRSNYGYTF
AAAAAAAAAAAACCGG	TRA	TRAV2	TRAJ13	CAVCPPGNSGGYQKVTF
AAAAAAAAAAAACCGG	TRB	TRBV29-1	TRBJ1-2	CSVDSRLGAGYGYTF
AAAAAAAAAAAACCGT	TRA	TRAV38-2DV8	TRAJ44	CAYTTNTGTASKLTF
AAAAAAAAAAAACCGT	TRB	TRBV3-1	TRBJ2-1	CASSGGFSYNEQFF
AAAAAAAAAAAACCTA	TRA	TRAV21	TRAJ53	CAEPNSGGSNYKLTF
AAAAAAAAAAAACCTA	TRB	TRBV12-4	TRBJ2-5	CASSGARQETQYF
AAAAAAAAAAAACCTC	TRA	TRAV9-2	TRAJ48	CASAPIGSNFGNEKLTF
AAAAAAAAAAAACCTC	TRB	TRBV27	TRBJ2-5	CASSADGRGQETQYF
AAAAAAAAAAAACCTG	TRA	TRAV13-1	TRAJ4	CAATPSGGYNKLIF
AAAAAAAAAAAACCTG	TRB	TRBV12-4	TRBJ2-2	CASNKGPSDVNTGELFF
AAAAAAAAAAAACCTT	TRA	TRAV29DV5	TRAJ40	CAAGAASTTSGTYKYIF
AAAAAAAAAAAACCTT	TRB	TRBV3-1	TRBJ2-2	CASSELIGLRTGELFF
AAAAAAAAAAAACGAA	TRA	TRAV20	TRAJ12	CAETLSSYKLIF
AAAAAAAAAAAACGAA	TRB	TRBV7-6	TRBJ2-1	CASSISGRGYNEQFF
AAAAAAAAAAAACGAC	TRA	TRAV14DV4	TRAJ52	CAMAPVGAGGTSYGKLTF
AAAAAAAAAAAACGAC	TRB	TRBV28	TRBJ1-6	CASSPASTSPDYNSPLHF
AAAAAAAAAAAACGAG	TRA	TRAV30	TRAJ29	CGTSPSNSGNTPLVF
AAAAAAAAAAAACGAG	TRB	TRBV20-1	TRBJ1-1	CSEWLTGSRTEAFF
AAAAAAAAAAAACGAT	TRA	TRAV21	TRAJ47	CAVGGWEYGNKLVF
AAAAAAAAAAAACGAT	TRB	TRBV5-4	TRBJ1-2	CASDTGKNYGYTF
AAAAAAAAAAAACGCA	TRA	TRAV26-2	TRAJ42	CISHPRANYGGSQGNLIF
AAAAAAAAAAAACGCA	TRB	TRBV5-1	TRBJ2-2	CASPQGDSRGNTGELFF
AAAAAAAAAAAACGCC	TRA	TRAV9-2	TRAJ9	CSDPGPGTGGFKTIF
AAAAAAAAAAAACGCC	TRB	TRBV12-4	TRBJ2-7	CASFTQGDEQYF
AAAAAAAAAAAACGCG	TRA	TRAV1-2	TRAJ41	SRSNSGYALNF
AAAAAAAAAAAACGCG	TRB	TRBV5-6	TRBJ2-7	CASSAGGYEQYF
AAAAAAAAAAAACGCT	TRA	TRAV38-2DV8	TRAJ42	CAYRQRNYGGSQGNLIF
AAAAAAAAAAAACGCT	TRB	TRBV27	TRBJ1-4	CADKEGQTNEKLFF
AAAAAAAAAAAACGGA	TRA	TRAV14DV4	TRAJ6	CAMEVLSGGSYIPTF
AAAAAAAAAAAACGGA	TRB	TRBV7-7	TRBJ2-1	CASSSGGARAAGSYNEQFF
AAAAAAAAAAAACGGC	TRA	TRAV21	TRAJ41	CEGVNSNSGYALNF
AAAAAAAAAAAACGGC	TRB	TRBV19	TRBJ2-2	CASATADAGGGPNTGELFF
AAAAAAAAAAAACGGG	TRA	TRAV27	TRAJ37	CAVGSSNTGKLIF
AAAAAAAAAAAACGGG	TRB	TRBV5-1	TRBJ2-1	CASSGQSDSYNEQFF
AAAAAAAAAAAACGGT	TRA	TRAV13-1	TRAJ44	CAARGNTGTASKLTF
AAAAAAAAAAAACGGT	TRB	TRBV9	TRBJ2-5	CASSGPPTAGQETQYF
AAAAAAAAAAAACGTA	TRA	TRAV20	TRAJ53	CANAGSGGSNYKLTF
AAAAAAAAAAAACGTA	TRB	TRBV5-1	TRBJ1-1	CATRGARNTEAFF
AAAAAAAAAAAACGTC	TRA	TRAV3	TRAJ13	CPDHNSGGYQKVTF
AAAAAAAAAAAACGTC	TRB	TRBV4-2	TRBJ1-3	CASSNPNGYGDGNTIYF
AAAAAAAAAAAACGTG	TRA	TRAV13-1	TRAJ49	CAEAPTGNQFYF
AAAAAAAAAAAACGTG	TRB	TRBV20-1	TRBJ2-4	CSALIIGEAANIQYF
AAAAAAAAAAAACGTT	TRA	TRAV12-2	TRAJ20	SPSSNDYKLSF
AAAAAAAAAAAACGTT	TRB	TRBV2	TRBJ2-1	CASSIPAAHSYNEQFF
AAAAAAAAAAAACTAA	TRA	TRAV8-1	TRAJ42	CDRANYGGSQGNLIF
AAAAAAAAAAAACTAA	TRB	TRBV4-2	TRBJ2-3	CASGALADRTDTQYF
AAAAAAAAAAAACTAC	TRA	TRAV36DV7	TRAJ42	CAVAPNYGGSQGNLIF
AAAAAAAAAAAACTAC	TRB	TRBV20-1	TRBJ2-3	CSGGGSTDTQYF
AAAAAAAAAAAACTAG	TRA	TRAV30	TRAJ42	CGTSRSGNYGGSQGNLIF
AAAAAAAAAAAACTAG	TRB	TRBV5-6	TRBJ1-2	CASSGRQDNYGYTF
AAAAAAAAAAAACTAT	TRA	TRAV1-2	TRAJ33	ARSDSNYQLIW
AAAAAAAAAAAACTAT	TRB	TRBV28	TRBJ1-3	CASFGRTGSSGNTIYF
AAAAAAAAAAAACTCA	TRA	TRAV12-2	TRAJ20	CAVSRRSRNDYKLSF
AAAAAAAAAAAACTCA	TRB	TRBV7-9	TRBJ2-1	CASSLYGQPRGSYNEQFF
AAAAAAAAAAAACTCC	TRA	TRAV25	TRAJ52	CANMMNAGGTSYGKLTF
AAAAAAAAAAAACTCC	TRB	TRBV28	TRBJ1-1	CASSMSTGGGNSEAFF
AAAAAAAAAAAACTCG	TRA	TRAV27	TRAJ9	CATVVGNTGGFKTIF
AAAAAAAAAAAACTCG	TRB	TRBV24-1	TRBJ2-1	CATSDGTARTSYNEQFF
AAAAAAAAAAAACTCT	TRA	TRAV25	TRAJ4	CASGFSGGYNKLIF
AAAAAAAAAAAACTCT	TRB	TRBV4-1	TRBJ1-2	CASTGIYGYTF
AAAAAAAAAAAACTGA	TRA	TRAV26-1	TRAJ40	CIVPIIATSGTYKYIF
AAAAAAAAAAAACTGA	TRB	TRBV20-1	TRBJ2-4	CRGGTRKNIQYF
AAAAAAAAAAAACTGC	TRA	TRAV13-2	TRAJ6	CAETHASGGSYIPTF
AAAAAAAAAAAACTGC	TRB	TRBV6-2	TRBJ1-5	CASAPSNQPQHF
AAAAAAAAAAAACTGG	TRA	TRAV29DV5	TRAJ34	CAANFAYNTDKLIF
AAAAAAAAAAAACTGG	TRB	TRBV24-1	TRBJ2-5	CATSIATQEETQYF
AAAAAAAAAAAACTGT	TRA	TRAV8-4	TRAJ10	CNKRTGGGNKLTF
AAAAAAAAAAAACTGT	TRB	TRBV4-2	TRBJ2-6	CASSVSKGAIHGANVLTF
AAAAAAAAAAAACTTA	TRA	TRAV16	TRAJ42	CAEKFQNYGGSQGNLIF
AAAAAAAAAAAACTTA	TRB	TRBV6-6	TRBJ2-6	CASPGQGWGGANVLTF
AAAAAAAAAAAACTTC	TRA	TRAV21	TRAJ26	CASGANYGQNFVF
AAAAAAAAAAAACTTC	TRB	TRBV5-5	TRBJ1-2	CASRPGARGVGNYGYTF
AAAAAAAAAAAACTTG	TRA	TRAV17	TRAJ33	CATGSTSDSNYQLIW
AAAAAAAAAAAACTTG	TRB	TRBV4-1	TRBJ2-1	CASSDIITGGVISYNEQFF
AAAAAAAAAAAACTTT	TRA	TRAV21	TRAJ10	CAVFEGTGGGNKLTF
AAAAAAAAAAAACTTT	TRB	TRBV5-1	TRBJ2-5	CASSAALGKETQYF
AAAAAAAAAAAAGAAA	TRA	TRAV8-3	TRAJ11	CAVTRSSGYSTLTF
AAAAAAAAAAAAGAAA	TRB	TRBV6-1	TRBJ2-3	CASKWDETDTQYF
AAAAAAAAAAAAGAAC	TRA	TRAV34	TRAJ42	CGEDNRYGGSQGNLIF
AAAAAAAAAAAAGAAC	TRB	TRBV11-1	TRBJ2-5	CASTSGLSQETQYF
AAAAAAAAAAAAGAAG	TRA	TRAV8-3	TRAJ39	CAVPNNNAGNMLTF
AAAAAAAAAAAAGAAG	TRB	TRBV27	TRBJ2-3	CASSWGTDTQYF
AAAAAAAAAAAAGAAT	TRA	TRAV13-1	TRAJ23	CAARATIYNQGGKLIF
AAAAAAAAAAAAGAAT	TRB	TRBV11-1	TRBJ1-5	CASSDRRASNQPQHF
AAAAAAAAAAAAGACA	TRA	TRAV25	TRAJ6	SDGGGSYIPTF
AAAAAAAAAAAAGACA	TRB	TRBV30	TRBJ2-3	CAWPYGGDNTDTQYF
AAAAAAAAAAAAGACC	TRA	TRAV16	TRAJ23	CAMGINQGGKLIF
AAAAAAAAAAAAGACC	TRB	TRBV9	TRBJ2-1	CASGSQGSFGSYNEQFF
AAAAAAAAAAAAGACG	TRA	TRAV6	TRAJ42	CAGMQNYGGSQGNLIF
AAAAAAAAAAAAGACG	TRB	TRBV25-1	TRBJ1-2	CASEIHRASNYGYTF
AAAAAAAAAAAAGACT	TRA	TRAV14DV4	TRAJ12	CAMRPWMDSSYKLIF
AAAAAAAAAAAAGACT	TRB	TRBV20-1	TRBJ1-2	CSASRRGGSGNYGYTF
AAAAAAAAAAAAGAGA	TRA	TRAV21	TRAJ34	CAVGRNTDKLIF
AAAAAAAAAAAAGAGA	TRB	TRBV19	TRBJ1-5	CASGTRGASNQPQHF
AAAAAAAAAAAAGAGC	TRA	TRAV8-2	TRAJ23	CVVSLGPYNQGGKLIF
AAAAAAAAAAAAGAGC	TRB	TRBV5-6	TRBJ1-2	CASSGRTGRYGYTF
AAAAAAAAAAAAGAGG	TRA	TRAV12-3	TRAJ9	CAMRAGETGGFKTIF
AAAAAAAAAAAAGAGG	TRB	TRBV10-2	TRBJ1-1	CASTRGRNTEAFF
AAAAAAAAAAAAGAGT	TRA	TRAV12-1	TRAJ24	CVTKTTDSWGKFQF
AAAAAAAAAAAAGAGT	TRB	TRBV7-2	TRBJ2-1	CASGLHRGDSYNEQFF
AAAAAAAAAAAAGATA	TRA	TRAV13-1	TRAJ22	CAKGSARQLTF
AAAAAAAAAAAAGATA	TRB	TRBV3-1	TRBJ1-1	CASRGTGATEAFF
AAAAAAAAAAAAGATC	TRA	TRAV41	TRAJ48	CADRDNFGNEKLTF
AAAAAAAAAAAAGATC	TRB	TRBV20-1	TRBJ2-7	CSYDAGTYEQYF
AAAAAAAAAAAAGATG	TRA	TRAV13-2	TRAJ23	CASGENQGGKLIF
AAAAAAAAAAAAGATG	TRB	TRBV25-1	TRBJ1-4	CASSYSRLEAEKLFF
AAAAAAAAAAAAGATT	TRA	TRAV8-2	TRAJ11	CVVVGYSTLTF
AAAAAAAAAAAAGATT	TRB	TRBV12-4	TRBJ2-5	CASSSLGETQYF
AAAAAAAAAAAAGCAA	TRA	TRAV9-2	TRAJ52	CAMSWAGGTSYGKLTF
AAAAAAAAAAAAGCAA	TRB	TRBV20-1	TRBJ2-4	CSPGGGKNIQYF
AAAAAAAAAAAAGCAC	TRA	TRAV8-4	TRAJ43	CAVSFPRNNNDMRF
AAAAAAAAAAAAGCAC	TRB	TRBV11-3	TRBJ2-5	CAESARDQETQYF
AAAAAAAAAAAAGCAG	TRA	TRAV13-1	TRAJ11	CAADAFVLSLTF
AAAAAAAAAAAAGCAG	TRB	TRBV27	TRBJ1-5	CASSGGGGQPQHF
AAAAAAAAAAAAGCAT	TRA	TRAV29DV5	TRAJ58	CALETSGSRLTF
AAAAAAAAAAAAGCAT	TRB	TRBV6-5	TRBJ1-5	CASSDTVWVSNQPQHF
AAAAAAAAAAAAGCCA	TRA	TRAV13-2	TRAJ34	CADLGNTDKLIF
AAAAAAAAAAAAGCCA	TRB	TRBV6-6	TRBJ1-5	CASSSEVSNQPQHF
AAAAAAAAAAAAGCCC	TRA	TRAV13-1	TRAJ26	CAARSGDNYGQNFVF
AAAAAAAAAAAAGCCC	TRB	TRBV5-1	TRBJ1-2	CASGDQANYGYTF
AAAAAAAAAAAAGCCG	TRA	TRAV20	TRAJ6	CAAIASGGSYIPTF
AAAAAAAAAAAAGCCG	TRB	TRBV7-2	TRBJ2-1	CASSTESLNEQFF
AAAAAAAAAAAAGCCT	TRA	TRAV36DV7	TRAJ42	CAVEIGGSQGNLIF
AAAAAAAAAAAAGCCT	TRB	TRBV3-1	TRBJ2-4	CASSADGLANAKNIQYF
AAAAAAAAAAAAGCGA	TRA	TRAV26-1	TRAJ24	CIVEAVVTTDSWGKFQF
AAAAAAAAAAAAGCGA	TRB	TRBV29-1	TRBJ1-2	CSVLGNYGYTF
AAAAAAAAAAAAGCGC	TRA	TRAV12-3	TRAJ20	CAMRASGSNDYKLSF
AAAAAAAAAAAAGCGC	TRB	TRBV7-6	TRBJ2-2	CASFWRAGTGELFF
AAAAAAAAAAAAGCGG	TRA	TRAV29DV5	TRAJ53	CAADANSGGSNYKLTF
AAAAAAAAAAAAGCGG	TRB	TRBV4-2	TRBJ2-3	CASSPGGASANDTQYF
AAAAAAAAAAAAGCGT	TRA	TRAV38-2DV8	TRAJ47	CALAYGNKLVF
AAAAAAAAAAAAGCGT	TRB	TRBV19	TRBJ2-2	CASSGDSPGELFF
AAAAAAAAAAAAGCTA	TRA	TRAV1-2	TRAJ45	EAYSGGGADGLTF
AAAAAAAAAAAAGCTA	TRB	TRBV20-1	TRBJ2-3	CSASAGTDTQYF
AAAAAAAAAAAAGCTC	TRA	TRAV13-2	TRAJ39	CAEQVPLMNNNAGNMLTF
AAAAAAAAAAAAGCTC	TRB	TRBV27	TRBJ1-6	CASSTDGASGNSPLHF
AAAAAAAAAAAAGCTG	TRA	TRAV41	TRAJ28	CADDGSYQLTF
AAAAAAAAAAAAGCTG	TRB	TRBV30	TRBJ1-1	CANAPNTEAFF
AAAAAAAAAAAAGCTT	TRA	TRAV13-1	TRAJ49	CAAEPGNQFYF
AAAAAAAAAAAAGCTT	TRB	TRBV29-1	TRBJ1-1	CSVGGNGQDFF
AAAAAAAAAAAAGGAA	TRA	TRAV12-2	TRAJ9	CAVNAKRGNTGGFKTIF
AAAAAAAAAAAAGGAA	TRB	TRBV20-1	TRBJ1-1	CSAEGGSNTEAFF
AAAAAAAAAAAAGGAC	TRA	TRAV17	TRAJ48	CQAASNFGNEKLTF
AAAAAAAAAAAAGGAC	TRB	TRBV29-1	TRBJ1-3	CSPGTAIGNTIYF
AAAAAAAAAAAAGGAG	TRA	TRAV12-2	TRAJ9	CAVSADTGGFKTIF
AAAAAAAAAAAAGGAG	TRB	TRBV10-2	TRBJ1-1	CASSRQQGYGNTEAFF
AAAAAAAAAAAAGGAT	TRA	TRAV14DV4	TRAJ32	CAMRPDNYGGATNKLIF
AAAAAAAAAAAAGGAT	TRB	TRBV28	TRBJ1-3	CASSWKGEGGNTIYF
AAAAAAAAAAAAGGCA	TRA	TRAV26-1	TRAJ9	CIVRSNTGGFKTIF
AAAAAAAAAAAAGGCA	TRB	TRBV20-1	TRBJ1-2	CSAGRGGNYGYTF
AAAAAAAAAAAAGGCC	TRA	TRAV13-1	TRAJ45	CAADTHSGGADGLTF
AAAAAAAAAAAAGGCC	TRB	TRBV24-1	TRBJ2-3	CATSRGLTGTDTQYF
AAAAAAAAAAAAGGCG	TRA	TRAV29DV5	TRAJ58	CAAHAHGETSGSRLTF
AAAAAAAAAAAAGGCG	TRB	TRBV7-9	TRBJ2-7	CAFPGLSYEQYF
AAAAAAAAAAAAGGCT	TRA	TRAV17	TRAJ36	CATALSIITGANNLFF
AAAAAAAAAAAAGGCT	TRB	TRBV28	TRBJ2-7	CASGTTTGPSDSYEQYF
AAAAAAAAAAAAGGGA	TRA	TRAV16	TRAJ47	CASSNGNKLVF
AAAAAAAAAAAAGGGA	TRB	TRBV4-1	TRBJ2-7	CASSTGEYYEQYF
AAAAAAAAAAAAGGGC	TRA	TRAV9-2	TRAJ27	CASGGTNAGKSTF
AAAAAAAAAAAAGGGC	TRB	TRBV6-1	TRBJ2-5	CASRDGAGGETQYF
AAAAAAAAAAAAGGGG	TRA	TRAV17	TRAJ7	CAIPLDYGNNRLAF
AAAAAAAAAAAAGGGG	TRB	TRBV2	TRBJ1-1	CASVDPNTEAFF
AAAAAAAAAAAAGGGT	TRA	TRAV12-1	TRAJ34	CVVSWNTDKLIF
AAAAAAAAAAAAGGGT	TRB	TRBV9	TRBJ2-1	CASAVQSYNEQFF
AAAAAAAAAAAAGGTA	TRA	TRAV38-1	TRAJ49	CAFMSANNTGNQFYF
AAAAAAAAAAAAGGTA	TRB	TRBV12-4	TRBJ1-3	CASGQGYSNTIYF
AAAAAAAAAAAAGGTC	TRA	TRAV17	TRAJ32	CATRYNYGGATNKLIF
AAAAAAAAAAAAGGTC	TRB	TRBV24-1	TRBJ2-2	CATDGGTGSTTGELFF
AAAAAAAAAAAAGGTG	TRA	TRAV29DV5	TRAJ45	CPADYSGGGADGLTF
AAAAAAAAAAAAGGTG	TRB	TRBV25-1	TRBJ2-2	CASSAAGANTGELFF
AAAAAAAAAAAAGGTT	TRA	TRAV29DV5	TRAJ31	CAARGNNNARLMF
AAAAAAAAAAAAGGTT	TRB	TRBV6-2	TRBJ2-2	CASSNPNGGENTGELFF
AAAAAAAAAAAAGTAA	TRA	TRAV8-4	TRAJ4	CAVERQPLFSGGYNKLIF
AAAAAAAAAAAAGTAA	TRB	TRBV3-1	TRBJ2-2	CASTGWGSGRSNTGELFF
AAAAAAAAAAAAGTAC	TRA	TRAV29DV5	TRAJ41	CAASWLRGNSNSGYALNF
AAAAAAAAAAAAGTAC	TRB	TRBV14	TRBJ2-3	CASRQTGTKGDTQYF
AAAAAAAAAAAAGTAG	TRA	TRAV38-2DV8	TRAJ31	CAYRVRDNNNARLMF
AAAAAAAAAAAAGTAG	TRB	TRBV10-2	TRBJ1-1	CASSKLGGPGNTEAFF
AAAAAAAAAAAAGTAT	TRA	TRAV12-3	TRAJ48	CAMSGSNFGNEKLTF
AAAAAAAAAAAAGTAT	TRB	TRBV30	TRBJ2-3	CAETQGAVETDTQYF
AAAAAAAAAAAAGTCA	TRA	TRAV21	TRAJ45	CAKDTGSYSGGGADGLTF
AAAAAAAAAAAAGTCA	TRB	TRBV6-5	TRBJ2-3	CASSRSGPSDTQYF
AAAAAAAAAAAAGTCC	TRA	TRAV21	TRAJ20	CAVGRGSNDYKLSF
AAAAAAAAAAAAGTCC	TRB	TRBV9	TRBJ1-1	CASSSGGGTNTEAFF
AAAAAAAAAAAAGTCG	TRA	TRAV17	TRAJ6	CGAEASGGSYIPTF
AAAAAAAAAAAAGTCG	TRB	TRBV6-1	TRBJ2-1	CASSRNAQSYNEQFF
AAAAAAAAAAAAGTCT	TRA	TRAV26-1	TRAJ18	CIVRGDSTLGRLYF
AAAAAAAAAAAAGTCT	TRB	TRBV5-1	TRBJ1-5	CALGQGTEQPQHF
AAAAAAAAAAAAGTGA	TRA	TRAV12-2	TRAJ9	CASGNTGGFKTIF
AAAAAAAAAAAAGTGA	TRB	TRBV7-9	TRBJ1-6	CASSGPGSYNSPLHF
AAAAAAAAAAAAGTGC	TRA	TRAV21	TRAJ34	CANGLLYNTDKLIF
AAAAAAAAAAAAGTGC	TRB	TRBV7-4	TRBJ2-1	CASSALLRGITSYNEQFF
AAAAAAAAAAAAGTGG	TRA	TRAV1-2	TRAJ4	CAQFSGGYNKLIF
AAAAAAAAAAAAGTGG	TRB	TRBV25-1	TRBJ1-6	CASSTGTASYNSPLHF
AAAAAAAAAAAAGTGT	TRA	TRAV21	TRAJ40	CAVLDSGTYKYIF
AAAAAAAAAAAAGTGT	TRB	TRBV2	TRBJ2-7	CASSTSVGGTTSYEQYF
AAAAAAAAAAAAGTTA	TRA	TRAV2	TRAJ4	CASVMGGYNKLIF
AAAAAAAAAAAAGTTA	TRB	TRBV20-1	TRBJ1-5	CSPSLGGNQPQHF
AAAAAAAAAAAAGTTC	TRA	TRAV27	TRAJ24	CVDTWWETTDSWGKFQF
AAAAAAAAAAAAGTTC	TRB	TRBV7-2	TRBJ2-7	CASSKTGTRESYEQYF
AAAAAAAAAAAAGTTG	TRA	TRAV17	TRAJ6	CATSMKWASGGSYIPTF
AAAAAAAAAAAAGTTG	TRB	TRBV19	TRBJ1-1	CASSAGQQTENTEAFF
AAAAAAAAAAAAGTTT	TRA	TRAV17	TRAJ34	CTIRSYNTDKLIF
AAAAAAAAAAAAGTTT	TRB	TRBV10-3	TRBJ2-7	CAISFPEREQYF
AAAAAAAAAAAATAAA	TRA	TRAV13-1	TRAJ5	CDKLTSPDTGRRALTF
AAAAAAAAAAAATAAA	TRB	TRBV11-1	TRBJ2-3	CASFQSLVLTDTQYF
AAAAAAAAAAAATAAC	TRA	TRAV1-1	TRAJ9	CLEGNTGGFKTIF
AAAAAAAAAAAATAAC	TRB	TRBV12-4	TRBJ1-2	CASSTMAGGPNYGYTF
AAAAAAAAAAAATAAG	TRA	TRAV23DV6	TRAJ36	CAFMQTGANNLFF
AAAAAAAAAAAATAAG	TRB	TRBV2	TRBJ2-5	CASNTRSLAGQETQYF
AAAAAAAAAAAATAAT	TRA	TRAV17	TRAJ39	CASGIANDIDDNAGNMLTF
AAAAAAAAAAAATAAT	TRB	TRBV12-4	TRBJ1-3	CASFARLSGNTIYF
AAAAAAAAAAAATACA	TRA	TRAV24	TRAJ11	CDMEAGSGYSTLTF
AAAAAAAAAAAATACA	TRB	TRBV15	TRBJ2-3	CARLGLATDTQYF
AAAAAAAAAAAATACC	TRA	TRAV38-2DV8	TRAJ45	CAYQPSYSGGGADGLTF
AAAAAAAAAAAATACC	TRB	TRBV20-1	TRBJ1-2	CSARGGAGYTF
AAAAAAAAAAAATACG	TRA	TRAV12-1	TRAJ29	CVEPKGNTPLVF
AAAAAAAAAAAATACG	TRB	TRBV5-1	TRBJ1-3	CASFGYGRGNTIYF
AAAAAAAAAAAATACT	TRA	TRAV4	TRAJ12	CLVGHTRMDSSYKLIF
AAAAAAAAAAAATACT	TRB	TRBV6-1	TRBJ2-7	CASPGTVAYEQYF
AAAAAAAAAAAATAGA	TRA	TRAV23DV6	TRAJ5	CADATGRRALTF
AAAAAAAAAAAATAGA	TRB	TRBV24-1	TRBJ2-5	CAKGLAQGEGGQETQYF
AAAAAAAAAAAATAGC	TRA	TRAV41	TRAJ40	CASVATSGTYKYIF
AAAAAAAAAAAATAGC	TRB	TRBV11-1	TRBJ2-1	CASTYPSGNDRSYNEQFF
AAAAAAAAAAAATAGG	TRA	TRAV26-1	TRAJ34	CIVGQTASYNTDKLIF
AAAAAAAAAAAATAGG	TRB	TRBV6-5	TRBJ1-5	CASRTVGGGGSNQPQHF
AAAAAAAAAAAATAGT	TRA	TRAV38-2DV8	TRAJ47	CAYRVEYGNKLVF
AAAAAAAAAAAATAGT	TRB	TRBV3-1	TRBJ2-5	CAAGGDQETQYF
AAAAAAAAAAAATATA	TRA	TRAV12-3	TRAJ3	CADPDGYSSASKIIF
AAAAAAAAAAAATATA	TRB	TRBV15	TRBJ1-2	CATSGQTGSYGYTF
AAAAAAAAAAAATATC	TRA	TRAV20	TRAJ26	CAVTDDNYGQNFVF
AAAAAAAAAAAATATC	TRB	TRBV11-1	TRBJ1-4	CASSLGGGPNEKLFF
AAAAAAAAAAAATATG	TRA	TRAV12-2	TRAJ52	CAVKFNAGGTSYGKLTF
AAAAAAAAAAAATATG	TRB	TRBV19	TRBJ2-1	CASSDGLNGTSYNEQFF
AAAAAAAAAAAATATT	TRA	TRAV14DV4	TRAJ49	CAMSIGNTGNQFYF
AAAAAAAAAAAATATT	TRB	TRBV28	TRBJ2-7	CASSTGFAAYEQYF
AAAAAAAAAAAATCAA	TRA	TRAV9-2	TRAJ40	CADSRSGTYKYIF
AAAAAAAAAAAATCAA	TRB	TRBV24-1	TRBJ2-1	CATSLAGSAYSYNEQFF
AAAAAAAAAAAATCAC	TRA	TRAV19	TRAJ49	CALSNWRIRTGNQFYF
AAAAAAAAAAAATCAC	TRB	TRBV7-9	TRBJ2-4	CASSTGSWGAKNIQYF
AAAAAAAAAAAATCAG	TRA	TRAV9-2	TRAJ37	CAIAVSSNTGKLIF
AAAAAAAAAAAATCAG	TRB	TRBV20-1	TRBJ1-5	CSAGQGGDNQPQHF
AAAAAAAAAAAATCAT	TRA	TRAV9-2	TRAJ24	CASDTTDSWGKFQF
AAAAAAAAAAAATCAT	TRB	TRBV10-3	TRBJ1-5	CAIRDGTQPQHF
AAAAAAAAAAAATCCA	TRA	TRAV38-2DV8	TRAJ48	CAYVEFEGNEKLTF
AAAAAAAAAAAATCCA	TRB	TRBV2	TRBJ1-2	CASGGRQGSNYGYTF
AAAAAAAAAAAATCCC	TRA	TRAV21	TRAJ20	CAVEQRSNDYKLSF
AAAAAAAAAAAATCCC	TRB	TRBV19	TRBJ1-2	CAEAGTNYGYTF
AAAAAAAAAAAATCCG	TRA	TRAV17	TRAJ29	CASPMANSGNTPLVF
AAAAAAAAAAAATCCG	TRB	TRBV30	TRBJ2-2	CAIRNTGELFF
AAAAAAAAAAAATCCT	TRA	TRAV13-2	TRAJ53	CAEEDPDGGGSNYKLTF
AAAAAAAAAAAATCCT	TRB	TRBV12-4	TRBJ1-1	CASGQGSRNTEAFF
AAAAAAAAAAAATCGA	TRA	TRAV8-6	TRAJ6	CAVDYVASGGSYIPTF
AAAAAAAAAAAATCGA	TRB	TRBV5-5	TRBJ2-1	CRGLSSGYNEQFF
AAAAAAAAAAAATCGC	TRA	TRAV8-3	TRAJ44	CAVSETTGTASKLTF
AAAAAAAAAAAATCGC	TRB	TRBV6-5	TRBJ2-3	CASPVGVRTDTQYF
AAAAAAAAAAAATCGG	TRA	TRAV6	TRAJ9	CARWGSNTGGFKTIF
AAAAAAAAAAAATCGG	TRB	TRBV7-9	TRBJ2-7	CASAAKPGNASYEQYF
AAAAAAAAAAAATCGT	TRA	TRAV38-2DV8	TRAJ57	CAYEDPRSCTQGGSEKLVF
AAAAAAAAAAAATCGT	TRB	TRBV12-3	TRBJ2-1	CASSDTQEYNEQFF
AAAAAAAAAAAATCTA	TRA	TRAV8-6	TRAJ6	CAVSEYPIPTF
AAAAAAAAAAAATCTA	TRB	TRBV15	TRBJ1-5	CASRGGGHSNQPQHF
AAAAAAAAAAAATCTC	TRA	TRAV17	TRAJ24	CSDERRTTDSWGKFQF
AAAAAAAAAAAATCTC	TRB	TRBV6-1	TRBJ1-1	CASDPWGRVNTEAFF
AAAAAAAAAAAATCTG	TRA	TRAV8-6	TRAJ52	CAAFPGGTSYGKLTF
AAAAAAAAAAAATCTG	TRB	TRBV19	TRBJ2-1	CASSPDPGGASYNEQFF
AAAAAAAAAAAATCTT	TRA	TRAV17	TRAJ37	CATDVGTSSNTGKLIF
AAAAAAAAAAAATCTT	TRB	TRBV5-6	TRBJ1-2	CASQGAAGSNYGYTF
AAAAAAAAAAAATGAA	TRA	TRAV19	TRAJ33	CALSDPDSNYQLIW
AAAAAAAAAAAATGAA	TRB	TRBV29-1	TRBJ2-3	CESSKYTDTQYF
AAAAAAAAAAAATGAC	TRA	TRAV19	TRAJ58	CALSTTETSGSRLTF
AAAAAAAAAAAATGAC	TRB	TRBV20-1	TRBJ1-4	CSAFHLTGRITNEKLFF
AAAAAAAAAAAATGAG	TRA	TRAV12-2	TRAJ54	CAVIAGQGAQKLVF
AAAAAAAAAAAATGAG	TRB	TRBV5-4	TRBJ1-1	CASSPERATEAFF
AAAAAAAAAAAATGAT	TRA	TRAV9-2	TRAJ20	CNEVGASNDYKLSF
AAAAAAAAAAAATGAT	TRB	TRBV2	TRBJ2-3	CASVTGGGDTQYF
AAAAAAAAAAAATGCA	TRA	TRAV8-3	TRAJ54	CAVHASGIQGAQKLVF
AAAAAAAAAAAATGCA	TRB	TRBV20-1	TRBJ1-5	CLQGSASNQPQHF
AAAAAAAAAAAATGCC	TRA	TRAV8-3	TRAJ31	CGINNNARLMF
AAAAAAAAAAAATGCC	TRB	TRBV28	TRBJ2-5	CAFDGAAVRSQETQYF
AAAAAAAAAAAATGCG	TRA	TRAV20	TRAJ13	CYRNSGGYQKVTF
AAAAAAAAAAAATGCG	TRB	TRBV19	TRBJ2-1	CASASDASYNEQFF
AAAAAAAAAAAATGCT	TRA	TRAV13-1	TRAJ17	CATAPAIKAAGNKLTF
AAAAAAAAAAAATGCT	TRB	TRBV20-1	TRBJ2-3	CSTAGASTDTQYF
AAAAAAAAAAAATGGA	TRA	TRAV1-1	TRAJ31	CAVVVPNNNARLMF
AAAAAAAAAAAATGGA	TRB	TRBV5-5	TRBJ1-2	CASRRSGGLRYGYTF
AAAAAAAAAAAATGGC	TRA	TRAV12-1	TRAJ40	CVVPDDTSGTYKYIF
AAAAAAAAAAAATGGC	TRB	TRBV28	TRBJ1-2	CASAQVSNYGYTF
AAAAAAAAAAAATGGG	TRA	TRAV16	TRAJ23	CAPTIYNQGGKLIF
AAAAAAAAAAAATGGG	TRB	TRBV19	TRBJ1-5	CASRGGGGLQSNQPQHF
AAAAAAAAAAAATGGT	TRA	TRAV12-1	TRAJ31	CVDNNNARLMF
AAAAAAAAAAAATGGT	TRB	TRBV18	TRBJ1-2	CASGSSMYGYTF
AAAAAAAAAAAATGTA	TRA	TRAV17	TRAJ37	CSGRSGSSNTGKLIF
AAAAAAAAAAAATGTA	TRB	TRBV19	TRBJ1-2	CASSSRGGYGYTF
AAAAAAAAAAAATGTC	TRA	TRAV29DV5	TRAJ48	CAADGPPWVSNFGNEKLTF
AAAAAAAAAAAATGTC	TRB	TRBV14	TRBJ2-7	CAAGTPGGSYEQYF
AAAAAAAAAAAATGTG	TRA	TRAV14DV4	TRAJ17	CAMRSKQAAGNKLTF
AAAAAAAAAAAATGTG	TRB	TRBV11-1	TRBJ1-1	CASSQENTEAFF
AAAAAAAAAAAATGTT	TRA	TRAV22	TRAJ17	CAYIKAAGNKLTF
AAAAAAAAAAAATGTT	TRB	TRBV20-1	TRBJ2-4	CSARDTAYKNIQYF
AAAAAAAAAAAATTAA	TRA	TRAV9-2	TRAJ23	CASGIYNQGGKLIF
AAAAAAAAAAAATTAA	TRB	TRBV7-4	TRBJ2-5	CASSRGGGETQYF
AAAAAAAAAAAATTAC	TRA	TRAV12-2	TRAJ27	CAVEWNTNAGKSTF
AAAAAAAAAAAATTAC	TRB	TRBV27	TRBJ1-1	CASGQGGGTEAFF
AAAAAAAAAAAATTAG	TRA	TRAV12-1	TRAJ4	CSKSGGYNKLIF
AAAAAAAAAAAATTAG	TRB	TRBV11-3	TRBJ2-3	CASFSFAPDTQYF
AAAAAAAAAAAATTAT	TRA	TRAV21	TRAJ26	CAVNLSNYGQNFVF
AAAAAAAAAAAATTAT	TRB	TRBV9	TRBJ2-2	CAAQEGGPHRATGELFF
AAAAAAAAAAAATTCA	TRA	TRAV29DV5	TRAJ44	CAASGSGGTASKLTF
AAAAAAAAAAAATTCA	TRB	TRBV30	TRBJ1-2	CANWSAVWYGYTF
AAAAAAAAAAAATTCC	TRA	TRAV2	TRAJ21	CAVGSSQFNKFYF
AAAAAAAAAAAATTCC	TRB	TRBV4-2	TRBJ1-1	CASSPLRGWNTEAFF
AAAAAAAAAAAATTCG	TRA	TRAV3	TRAJ7	CANLDYGNNRLAF
AAAAAAAAAAAATTCG	TRB	TRBV20-1	TRBJ2-5	CSRARAGAFQETQYF
AAAAAAAAAAAATTCT	TRA	TRAV19	TRAJ49	CALDPNTGNQFYF
AAAAAAAAAAAATTCT	TRB	TRBV7-2	TRBJ2-7	CASSGQGSSYEQYF
AAAAAAAAAAAATTGA	TRA	TRAV9-2	TRAJ36	CANKQTGANNLFF
AAAAAAAAAAAATTGA	TRB	TRBV28	TRBJ1-1	CASHLGSGAYEAFF
AAAAAAAAAAAATTGC	TRA	TRAV41	TRAJ57	CAVTSVPISEKLVF
AAAAAAAAAAAATTGC	TRB	TRBV15	TRBJ2-3	CAEAGSRGGESTDTQYF
AAAAAAAAAAAATTGG	TRA	TRAV27	TRAJ44	CADKPDNTGTASKLTF
AAAAAAAAAAAATTGG	TRB	TRBV2	TRBJ1-2	CASSTPGRSNRYGYTF
AAAAAAAAAAAATTGT	TRA	TRAV19	TRAJ52	CALDSGTTSYGKLTF
AAAAAAAAAAAATTGT	TRB	TRBV7-9	TRBJ1-6	CADGTLSYNSPLHF
AAAAAAAAAAAATTTA	TRA	TRAV8-2	TRAJ23	CVVQKGAGGKLIF
AAAAAAAAAAAATTTA	TRB	TRBV6-5	TRBJ1-1	CASSGGTSAINTEAFF
AAAAAAAAAAAATTTC	TRA	TRAV19	TRAJ49	CALGGVGNTGNQFYF
AAAAAAAAAAAATTTC	TRB	TRBV6-5	TRBJ1-1	CASPWRRGLNTEAFF
AAAAAAAAAAAATTTG	TRA	TRAV29DV5	TRAJ49	CAAIAGPGNTGNQFYF
AAAAAAAAAAAATTTG	TRB	TRBV7-6	TRBJ2-7	CANRGAGESYEQYF
AAAAAAAAAAAATTTT	TRA	TRAV3	TRAJ7	CAVDADYGNNRLAF
AAAAAAAAAAAATTTT	TRB	TRBV3-1	TRBJ1-2	CASFGGAGQANYGYTF
AAAAAAAAAAACAAAA	TRA	TRAV21	TRAJ49	CAHSYTGNQFYF
AAAAAAAAAAACAAAA	TRB	TRBV7-4	TRBJ1-3	CAEGPQRRDSGNTIYF
AAAAAAAAAAACAAAC	TRA	TRAV8-3	TRAJ23	CAVGGYNQGGKLIF
AAAAAAAAAAACAAAC	TRB	TRBV19	TRBJ1-1	CASPTRAGNTEAFF
AAAAAAAAAAACAAAG	TRA	TRAV41	TRAJ42	CAVKRFYGNLIF
AAAAAAAAAAACAAAG	TRB	TRBV18	TRBJ2-7	CASSSEPLASISYEQYF
AAAAAAAAAAACAAAT	TRA	TRAV10	TRAJ3	CVPPSASKIIF
AAAAAAAAAAACAAAT	TRB	TRBV7-2	TRBJ2-2	CASSRIAPGELFF
AAAAAAAAAAACAACA	TRA	TRAV26-2	TRAJ26	CILRISDNYGQNFVF
AAAAAAAAAAACAACA	TRB	TRBV6-2	TRBJ2-2	CASGSASDLFF
AAAAAAAAAAACAACC	TRA	TRAV19	TRAJ10	CALSQILTGGGNKLTF
AAAAAAAAAAACAACC	TRB	TRBV6-6	TRBJ2-3	CASSPGSRSLLTDTQYF
AAAAAAAAAAACAACG	TRA	TRAV9-2	TRAJ26	CAGLRDNYGQNFVF
AAAAAAAAAAACAACG	TRB	TRBV11-3	TRBJ2-3	CASSKVGRGLWTYTDTQYF
AAAAAAAAAAACAACT	TRA	TRAV13-2	TRAJ37	CAEPLDGSSNTGKLIF
AAAAAAAAAAACAACT	TRB	TRBV5-1	TRBJ1-2	CASGGWNYGYTF
AAAAAAAAAAACAAGA	TRA	TRAV29DV5	TRAJ24	CASRTTDSWGKFQF
AAAAAAAAAAACAAGA	TRB	TRBV28	TRBJ1-6	CASHPPGIAYNSPLHF
AAAAAAAAAAACAAGC	TRA	TRAV1-2	TRAJ33	CSTRDSNYQLIW
AAAAAAAAAAACAAGC	TRB	TRBV4-1	TRBJ1-2	CASSDGRGYTF
AAAAAAAAAAACAAGG	TRA	TRAV8-4	TRAJ39	CAVSGPNNNAGNMLTF
AAAAAAAAAAACAAGG	TRB	TRBV24-1	TRBJ2-5	CATSHLGVVGETQYF
AAAAAAAAAAACAAGT	TRA	TRAV12-2	TRAJ9	CASYRTGGFKTIF
AAAAAAAAAAACAAGT	TRB	TRBV29-1	TRBJ1-2	CGLQQSNNYGYTF
AAAAAAAAAAACAATA	TRA	TRAV12-2	TRAJ9	CASASTGGFKTIF
AAAAAAAAAAACAATA	TRB	TRBV5-5	TRBJ1-2	CASTSFYTSGQYGYTF
AAAAAAAAAAACAATC	TRA	TRAV9-2	TRAJ3	CDRRTGYSSASKIIF
AAAAAAAAAAACAATC	TRB	TRBV6-1	TRBJ2-4	CASSITLGAAKNIQYF
AAAAAAAAAAACAATG	TRA	TRAV41	TRAJ42	CAVSPLYGGSQGNLIF
AAAAAAAAAAACAATG	TRB	TRBV20-1	TRBJ2-1	CSAPRGARNEQFF
AAAAAAAAAAACAATT	TRA	TRAV16	TRAJ49	CALPNTGNQFYF
AAAAAAAAAAACAATT	TRB	TRBV9	TRBJ2-1	CASFIGWGGQLSYNEQFF
AAAAAAAAAAACACAA	TRA	TRAV8-4	TRAJ57	CAELVGTQGGSEKLVF
AAAAAAAAAAACACAA	TRB	TRBV9	TRBJ2-2	CASSAGTMNTGELFF
AAAAAAAAAAACACAC	TRA	TRAV9-2	TRAJ49	CAMPRNTGNQFYF
AAAAAAAAAAACACAC	TRB	TRBV30	TRBJ2-5	CASDSSGPAITQYF
AAAAAAAAAAACACAG	TRA	TRAV17	TRAJ10	CAGYLTGGGNKLTF
AAAAAAAAAAACACAG	TRB	TRBV6-2	TRBJ2-5	CASSGRTTDTQYF
AAAAAAAAAAACACAT	TRA	TRAV3	TRAJ26	CAVADNYGQNFVF
AAAAAAAAAAACACAT	TRB	TRBV5-1	TRBJ2-2	CALSGTKTGELFF
AAAAAAAAAAACACCA	TRA	TRAV38-1	TRAJ32	CAFSGLRTNYGGATNKLIF
AAAAAAAAAAACACCA	TRB	TRBV7-2	TRBJ2-7	CASSSSGTTEQYF
AAAAAAAAAAACACCC	TRA	TRAV27	TRAJ37	NLGEGSSNTGKLIF
AAAAAAAAAAACACCC	TRB	TRBV15	TRBJ2-2	CATSTTQRVTGELFF
AAAAAAAAAAACACCG	TRA	TRAV26-1	TRAJ54	CIVRSAPIQGAQKLVF
AAAAAAAAAAACACCG	TRB	TRBV3-1	TRBJ2-5	CAPTGRGQETQYF
AAAAAAAAAAACACCT	TRA	TRAV17	TRAJ7	CADGGLYYGNNRLAF
AAAAAAAAAAACACCT	TRB	TRBV5-6	TRBJ1-1	CAGRARAANTEAFF
AAAAAAAAAAACACGA	TRA	TRAV39	TRAJ57	CAVMTQGGSEKLVF
AAAAAAAAAAACACGA	TRB	TRBV28	TRBJ2-2	CASSGVLRGRGTGELFF
AAAAAAAAAAACACGC	TRA	TRAV13-1	TRAJ6	CAADQRASGGSYIPTF
AAAAAAAAAAACACGC	TRB	TRBV7-6	TRBJ1-3	CADPAGGGDSGNTIYF
AAAAAAAAAAACACGG	TRA	TRAV19	TRAJ5	CALSPTSSDTGRRALTF
AAAAAAAAAAACACGG	TRB	TRBV3-1	TRBJ2-5	CASSGTTGTVQETQYF
AAAAAAAAAAACACGT	TRA	TRAV12-1	TRAJ18	CVHRDRGSTLGRLYF
AAAAAAAAAAACACGT	TRB	TRBV6-5	TRBJ1-6	CASSDQGHGSYNSPLHF
AAAAAAAAAAACACTA	TRA	TRAV13-1	TRAJ4	CARHELMSGGYNKLIF
AAAAAAAAAAACACTA	TRB	TRBV20-1	TRBJ1-6	CSAARHSSYNSPLHF
AAAAAAAAAAACACTC	TRA	TRAV36DV7	TRAJ37	CAATGSSNTGKLIF
AAAAAAAAAAACACTC	TRB	TRBV29-1	TRBJ2-7	CSVEDRAQAEQYF
AAAAAAAAAAACACTG	TRA	TRAV29DV5	TRAJ43	CANRVANNDMRF
AAAAAAAAAAACACTG	TRB	TRBV10-3	TRBJ2-3	CAISFERRGTDTQYF
AAAAAAAAAAACACTT	TRA	TRAV9-2	TRAJ49	CALSRNTGNQFYF
AAAAAAAAAAACACTT	TRB	TRBV2	TRBJ2-5	CASSATGGDSIQETQYF
AAAAAAAAAAACAGAA	TRA	TRAV22	TRAJ21	CAVSDDFNKFYF
AAAAAAAAAAACAGAA	TRB	TRBV28	TRBJ2-7	CASRGLYEQYF
AAAAAAAAAAACAGAC	TRA	TRAV12-2	TRAJ9	SAPNTGGFKTIF
AAAAAAAAAAACAGAC	TRB	TRBV6-6	TRBJ2-3	CASSSLNGKTQYF
AAAAAAAAAAACAGAG	TRA	TRAV8-6	TRAJ6	CAGFASGGSYIPTF
AAAAAAAAAAACAGAG	TRB	TRBV20-1	TRBJ1-2	CTRGSEGPYGYTF
AAAAAAAAAAACAGAT	TRA	TRAV19	TRAJ45	CALGEGYSGGGADGLTF
AAAAAAAAAAACAGAT	TRB	TRBV29-1	TRBJ1-1	CSWPSGRGGNTEAFF
AAAAAAAAAAACAGCA	TRA	TRAV29DV5	TRAJ34	CAASSDNTDKLIF
AAAAAAAAAAACAGCA	TRB	TRBV20-1	TRBJ2-7	CSSLGGGTDSYEQYF
AAAAAAAAAAACAGCC	TRA	TRAV29DV5	TRAJ27	CAALTNAGKSTF
AAAAAAAAAAACAGCC	TRB	TRBV20-1	TRBJ2-1	CSATADAAGGPSYNEQFF
AAAAAAAAAAACAGCG	TRA	TRAV8-1	TRAJ17	CAVDKIKAAGNKLTF
AAAAAAAAAAACAGCG	TRB	TRBV4-2	TRBJ2-7	CASVRAAAYEQYF
AAAAAAAAAAACAGCT	TRA	TRAV12-2	TRAJ3	CANGFGYSSASKIIF
AAAAAAAAAAACAGCT	TRB	TRBV7-9	TRBJ1-2	CARPRLAGSEENYGYTF
AAAAAAAAAAACAGGA	TRA	TRAV8-1	TRAJ3	CAVASDSSASKIIF
AAAAAAAAAAACAGGA	TRB	TRBV29-1	TRBJ2-1	CSVVWRYSYNEQFF
AAAAAAAAAAACAGGC	TRA	TRAV21	TRAJ45	CAVSLPLYSGGGADGLTF
AAAAAAAAAAACAGGC	TRB	TRBV5-6	TRBJ2-7	CASPFGVRMGLYEQYF
AAAAAAAAAAACAGGG	TRA	TRAV26-1	TRAJ17	CIVRSDWAAAGNKLTF
AAAAAAAAAAACAGGG	TRB	TRBV20-1	TRBJ2-1	CSVRGLSYNEQFF
AAAAAAAAAAACAGGT	TRA	TRAV41	TRAJ52	CAVSKGDSTSYGKLTF
AAAAAAAAAAACAGGT	TRB	TRBV27	TRBJ1-1	CASLEGLDDNTEAFF
AAAAAAAAAAACAGTA	TRA	TRAV1-2	TRAJ33	CSLPVPDSNYQLIW
AAAAAAAAAAACAGTA	TRB	TRBV6-5	TRBJ2-6	CASSTVTGSGANVLTF
AAAAAAAAAAACAGTC	TRA	TRAV26-1	TRAJ52	CIVMARAGGTSYGKLTF
AAAAAAAAAAACAGTC	TRB	TRBV5-1	TRBJ1-6	CASPQGIPGSYNSPLHF
AAAAAAAAAAACAGTG	TRA	TRAV12-3	TRAJ45	CAMERDYSGGGADGLTF
AAAAAAAAAAACAGTG	TRB	TRBV5-5	TRBJ2-7	CASSLSGSLAQNSYEQYF
AAAAAAAAAAACAGTT	TRA	TRAV24	TRAJ22	CAPLESGSARQLTF
AAAAAAAAAAACAGTT	TRB	TRBV5-4	TRBJ2-2	CASSWRGQNTGELFF
AAAAAAAAAAACATAA	TRA	TRAV12-1	TRAJ37	CVIPMGTGKLIF
AAAAAAAAAAACATAA	TRB	TRBV28	TRBJ2-7	CASRASSYEQYF
AAAAAAAAAAACATAC	TRA	TRAV6	TRAJ13	CGDRDNSGGYQKVTF
AAAAAAAAAAACATAC	TRB	TRBV3-1	TRBJ1-5	CASRSVGAGNQPQHF
AAAAAAAAAAACATAG	TRA	TRAV14DV4	TRAJ40	CAMSKGMTTSGTYKYIF
AAAAAAAAAAACATAG	TRB	TRBV10-2	TRBJ1-1	CASSSGVSLGTEAFF
AAAAAAAAAAACATAT	TRA	TRAV12-1	TRAJ30	CVVYNRDDKIIF
AAAAAAAAAAACATAT	TRB	TRBV12-3	TRBJ1-1	CASGAVENTEAFF
AAAAAAAAAAACATCA	TRA	TRAV13-1	TRAJ20	CSRGRSNDYKLSF
AAAAAAAAAAACATCA	TRB	TRBV5-5	TRBJ1-4	CASSRVGWGTNEKLFF
AAAAAAAAAAACATCC	TRA	TRAV13-1	TRAJ53	CADLNSGGSNYKLTF
AAAAAAAAAAACATCC	TRB	TRBV10-2	TRBJ2-5	CAYWGGGSVETQYF
AAAAAAAAAAACATCG	TRA	TRAV13-1	TRAJ43	CAAALVNNNDMRF
AAAAAAAAAAACATCG	TRB	TRBV20-1	TRBJ2-1	CSSQGISYNEQFF
AAAAAAAAAAACATCT	TRA	TRAV12-2	TRAJ42	CAVSAPSNYGGSQGNLIF
AAAAAAAAAAACATCT	TRB	TRBV7-9	TRBJ2-5	CESQEQETQYF
AAAAAAAAAAACATGA	TRA	TRAV9-2	TRAJ13	CALDPAPGSGGYQKVTF
AAAAAAAAAAACATGA	TRB	TRBV20-1	TRBJ2-1	CSATGGSPSYNEQFF
AAAAAAAAAAACATGC	TRA	TRAV12-2	TRAJ30	CNVGMNRDDKIIF
AAAAAAAAAAACATGC	TRB	TRBV4-1	TRBJ1-5	CASSKDTGANQPQHF
AAAAAAAAAAACATGG	TRA	TRAV13-1	TRAJ7	CAASSMYGNNRLAF
AAAAAAAAAAACATGG	TRB	TRBV3-1	TRBJ1-2	CASGEGDYGYTF
AAAAAAAAAAACATGT	TRA	TRAV21	TRAJ47	CAVQMGEYGNKLVF
AAAAAAAAAAACATGT	TRB	TRBV11-1	TRBJ2-1	CASVATGASYNEQFF
AAAAAAAAAAACATTA	TRA	TRAV5	TRAJ6	CASGGGSYIPTF
AAAAAAAAAAACATTA	TRB	TRBV29-1	TRBJ2-7	CGTVGTGSYEQYF
AAAAAAAAAAACATTC	TRA	TRAV12-1	TRAJ24	CVGPPRTTDSWGKFQF
AAAAAAAAAAACATTC	TRB	TRBV7-4	TRBJ2-1	CARGRTSYNEQFF
AAAAAAAAAAACATTG	TRA	TRAV38-2DV8	TRAJ45	CAIMFYSGGGADGLTF
AAAAAAAAAAACATTG	TRB	TRBV3-1	TRBJ2-2	CASSRVPGGWGNTGELFF
AAAAAAAAAAACATTT	TRA	TRAV2	TRAJ29	CAEAASGNTPLVF
AAAAAAAAAAACATTT	TRB	TRBV3-1	TRBJ2-7	CASSEGSGGPYEQYF
AAAAAAAAAAACCAAA	TRA	TRAV14DV4	TRAJ30	CAMSPLNRDDKIIF
AAAAAAAAAAACCAAA	TRB	TRBV19	TRBJ2-2	CASHGGGGNTGELFF
AAAAAAAAAAACCAAC	TRA	TRAV21	TRAJ56	CADSLRYTGANSKLTF
AAAAAAAAAAACCAAC	TRB	TRBV19	TRBJ1-5	CARRRAGSWSNQPQHF
AAAAAAAAAAACCAAG	TRA	TRAV12-2	TRAJ26	CAILRYSGDNYGQNFVF
AAAAAAAAAAACCAAG	TRB	TRBV6-2	TRBJ2-7	CASSPDTGGGESYEQYF
AAAAAAAAAAACCAAT	TRA	TRAV23DV6	TRAJ48	CAAVFVNFGNEKLTF
AAAAAAAAAAACCAAT	TRB	TRBV18	TRBJ2-7	CASAGTAGYEQYF
AAAAAAAAAAACCACA	TRA	TRAV27	TRAJ53	CANMYSNYKLTF
AAAAAAAAAAACCACA	TRB	TRBV12-4	TRBJ2-7	CASRPGGTSYEQYF
AAAAAAAAAAACCACC	TRA	TRAV14DV4	TRAJ29	CAMRIKQGSGNTPLVF
AAAAAAAAAAACCACC	TRB	TRBV2	TRBJ1-3	CASVWARGNTIYF
AAAAAAAAAAACCACG	TRA	TRAV8-2	TRAJ43	CVSRGNNNDMRF
AAAAAAAAAAACCACG	TRB	TRBV19	TRBJ2-5	CASWRDYDETQYF
AAAAAAAAAAACCACT	TRA	TRAV22	TRAJ20	CASDPVGSSSNDYKLSF
AAAAAAAAAAACCACT	TRB	TRBV27	TRBJ2-3	CASSRVGDGSDSTDTQYF
AAAAAAAAAAACCAGA	TRA	TRAV20	TRAJ9	CAVGIGANTGGFKTIF
AAAAAAAAAAACCAGA	TRB	TRBV13	TRBJ2-7	CASDPRSTSYEQYF
AAAAAAAAAAACCAGC	TRA	TRAV38-2DV8	TRAJ57	CAYRSPQGGSEKLVF
AAAAAAAAAAACCAGC	TRB	TRBV18	TRBJ2-3	CAKQGGYSTDTQYF
AAAAAAAAAAACCAGG	TRA	TRAV1-1	TRAJ28	CAVTIWWYSGAGSYQLTF
AAAAAAAAAAACCAGG	TRB	TRBV12-4	TRBJ1-2	CASSTTAANGSYGYTF
AAAAAAAAAAACCAGT	TRA	TRAV19	TRAJ17	CALSQVYGSIKAAGNKLTF
AAAAAAAAAAACCAGT	TRB	TRBV5-1	TRBJ1-2	CAFPRGGNYGYTF
AAAAAAAAAAACCATA	TRA	TRAV38-2DV8	TRAJ43	CAYAAHNNNDMRF
AAAAAAAAAAACCATA	TRB	TRBV5-5	TRBJ2-1	CASWQVYSYNEQFF
AAAAAAAAAAACCATC	TRA	TRAV13-1	TRAJ48	CAAKGFGNEKLTF
AAAAAAAAAAACCATC	TRB	TRBV5-5	TRBJ2-7	CASEEGMDYEQYF
AAAAAAAAAAACCATG	TRA	TRAV12-1	TRAJ13	CVGGPSGNSGGYQKVTF
AAAAAAAAAAACCATG	TRB	TRBV29-1	TRBJ1-2	CSVFRGRYGYTF
AAAAAAAAAAACCATT	TRA	TRAV38-2DV8	TRAJ53	CAYSPEKKLTF
AAAAAAAAAAACCATT	TRB	TRBV28	TRBJ2-7	CASSPSGGESYEQYF
AAAAAAAAAAACCCAA	TRA	TRAV41	TRAJ40	CPPTTSGTYKYIF
AAAAAAAAAAACCCAA	TRB	TRBV27	TRBJ2-1	CASWGTRRAGSYNEQFF
AAAAAAAAAAACCCAC	TRA	TRAV8-3	TRAJ10	CGILTGGGNKLTF
AAAAAAAAAAACCCAC	TRB	TRBV3-1	TRBJ1-5	CASSAPDLYNQPQHF
AAAAAAAAAAACCCAG	TRA	TRAV8-6	TRAJ23	CAVSRSGYNQGGKLIF
AAAAAAAAAAACCCAG	TRB	TRBV6-5	TRBJ2-7	CASNPTITGSYEQYF
AAAAAAAAAAACCCAT	TRA	TRAV16	TRAJ29	CALVFNTPLVF
AAAAAAAAAAACCCAT	TRB	TRBV6-6	TRBJ2-7	CASRPGASYEQYF
AAAAAAAAAAACCCCA	TRA	TRAV12-3	TRAJ20	CQLRGSNDYKLSF
AAAAAAAAAAACCCCA	TRB	TRBV30	TRBJ1-3	CAWAGAGYNTIYF
AAAAAAAAAAACCCCC	TRA	TRAV13-1	TRAJ54	CASPRIQGAQKLVF
AAAAAAAAAAACCCCC	TRB	TRBV20-1	TRBJ2-7	CSVPTQFSEQYF
AAAAAAAAAAACCCCG	TRA	TRAV13-2	TRAJ6	CAEEAWASGGSYIPTF
AAAAAAAAAAACCCCG	TRB	TRBV20-1	TRBJ1-5	CSALSEGSEGSNQPQHF
AAAAAAAAAAACCCCT	TRA	TRAV12-2	TRAJ9	CAKIGSTGGFKTIF
AAAAAAAAAAACCCCT	TRB	TRBV4-2	TRBJ2-2	CASGGRVRGANTGELFF
AAAAAAAAAAACCCGA	TRA	TRAV8-4	TRAJ5	CAVGHGGRRALTF
AAAAAAAAAAACCCGA	TRB	TRBV3-1	TRBJ2-3	CASSSGGFMADTQYF
AAAAAAAAAAACCCGC	TRA	TRAV17	TRAJ7	CATRSGNNRLAF
AAAAAAAAAAACCCGC	TRB	TRBV4-1	TRBJ1-1	CASVQRGAAEAFF
AAAAAAAAAAACCCGG	TRA	TRAV12-1	TRAJ6	CVVKIFMSGGSYIPTF
AAAAAAAAAAACCCGG	TRB	TRBV3-1	TRBJ2-5	CASTDLSETQYF
AAAAAAAAAAACCCGT	TRA	TRAV8-2	TRAJ42	CVVTKANYGGSQGNLIF
AAAAAAAAAAACCCGT	TRB	TRBV30	TRBJ1-1	CAWGRQGRGEAFF
AAAAAAAAAAACCCTA	TRA	TRAV20	TRAJ6	CAVRVASGGSYIPTF
AAAAAAAAAAACCCTA	TRB	TRBV7-6	TRBJ1-1	CASPQSGNTEAFF
AAAAAAAAAAACCCTC	TRA	TRAV12-2	TRAJ6	CAVILASGGSYIPTF
AAAAAAAAAAACCCTC	TRB	TRBV5-4	TRBJ2-5	CASVSGGTQGGQETQYF
AAAAAAAAAAACCCTG	TRA	TRAV14DV4	TRAJ20	CAEATGSNDYKLSF
AAAAAAAAAAACCCTG	TRB	TRBV5-6	TRBJ1-1	CGTTNTEAFF
AAAAAAAAAAACCCTT	TRA	TRAV36DV7	TRAJ58	CAVERESETSGSRLTF
AAAAAAAAAAACCCTT	TRB	TRBV5-1	TRBJ2-1	CASSGSVRYNEQFF
AAAAAAAAAAACCGAA	TRA	TRAV13-1	TRAJ24	CAAVGYDSWGKFQF
AAAAAAAAAAACCGAA	TRB	TRBV6-1	TRBJ2-3	CASSTESGDTQYF
AAAAAAAAAAACCGAC	TRA	TRAV26-1	TRAJ37	CIVLDRSSNTGKLIF
AAAAAAAAAAACCGAC	TRB	TRBV5-6	TRBJ2-3	CASNSGRDTDTQYF
AAAAAAAAAAACCGAG	TRA	TRAV29DV5	TRAJ37	CAASGAGSSNTGKLIF
AAAAAAAAAAACCGAG	TRB	TRBV6-5	TRBJ2-6	CASSVGLGSDSGANVLTF
AAAAAAAAAAACCGAT	TRA	TRAV12-1	TRAJ11	CVVMGRSTLTF
AAAAAAAAAAACCGAT	TRB	TRBV20-1	TRBJ1-5	CSAFLVSDQPQHF
AAAAAAAAAAACCGCA	TRA	TRAV12-2	TRAJ53	SKDNSGGSNYKLTF
AAAAAAAAAAACCGCA	TRB	TRBV27	TRBJ2-3	CASSTRTNQTDTQYF
AAAAAAAAAAACCGCC	TRA	TRAV26-1	TRAJ39	CIVRSQDNNNAGNMLTF
AAAAAAAAAAACCGCC	TRB	TRBV13	TRBJ2-4	CAWGEYAKNIQYF
AAAAAAAAAAACCGCG	TRA	TRAV29DV5	TRAJ42	CAPRRINYGGSQGNLIF
AAAAAAAAAAACCGCG	TRB	TRBV5-1	TRBJ2-2	CASATNTGELFF
AAAAAAAAAAACCGCT	TRA	TRAV8-2	TRAJ23	CVDPFIYNQGGKLIF
AAAAAAAAAAACCGCT	TRB	TRBV7-2	TRBJ2-1	CASSDDQVGDSYNEQFF
AAAAAAAAAAACCGGA	TRA	TRAV1-2	TRAJ33	CNSPDSNYQLIW
AAAAAAAAAAACCGGA	TRB	TRBV12-3	TRBJ1-1	CASPGLPGVWGTEAFF
AAAAAAAAAAACCGGC	TRA	TRAV17	TRAJ43	CATDTNNDMRF
AAAAAAAAAAACCGGC	TRB	TRBV5-1	TRBJ1-1	CASSKKDEDSNTEAFF
AAAAAAAAAAACCGGG	TRA	TRAV23DV6	TRAJ53	CTSSGGSNYKLTF
AAAAAAAAAAACCGGG	TRB	TRBV7-4	TRBJ2-7	CASRRSGGGSYEQYF
AAAAAAAAAAACCGGT	TRA	TRAV8-2	TRAJ37	CVVKRPGSSNTGKLIF
AAAAAAAAAAACCGGT	TRB	TRBV18	TRBJ1-5	CASGLSGTANQPQHF
AAAAAAAAAAACCGTA	TRA	TRAV26-1	TRAJ27	CIVRQLGSNAGKSTF
AAAAAAAAAAACCGTA	TRB	TRBV25-1	TRBJ2-5	CASSPTGETQYF
AAAAAAAAAAACCGTC	TRA	TRAV29DV5	TRAJ49	CAADSNTGNQFYF
AAAAAAAAAAACCGTC	TRB	TRBV7-2	TRBJ2-1	CASGILGLYNEQFF
AAAAAAAAAAACCGTG	TRA	TRAV1-1	TRAJ9	CASIYTGGFKTIF
AAAAAAAAAAACCGTG	TRB	TRBV19	TRBJ1-5	CAYGGDSNQPQHF
AAAAAAAAAAACCGTT	TRA	TRAV26-1	TRAJ20	CARNGSNDYKLSF
AAAAAAAAAAACCGTT	TRB	TRBV27	TRBJ1-4	CGPGGAAHTNEKLFF
AAAAAAAAAAACCTAA	TRA	TRAV14DV4	TRAJ12	CAMRAIDGMDSSYKLIF
AAAAAAAAAAACCTAA	TRB	TRBV28	TRBJ2-1	CASSSGSAGSYNEQFF
AAAAAAAAAAACCTAC	TRA	TRAV19	TRAJ33	CALNRVDSNYQLIW
AAAAAAAAAAACCTAC	TRB	TRBV6-5	TRBJ2-1	CADGGISYNEQFF
AAAAAAAAAAACCTAG	TRA	TRAV14DV4	TRAJ4	CASMTSGGYNKLIF
AAAAAAAAAAACCTAG	TRB	TRBV27	TRBJ2-2	CASDDGRSNTGELFF
AAAAAAAAAAACCTAT	TRA	TRAV19	TRAJ27	CALEGLTNAGKSTF
AAAAAAAAAAACCTAT	TRB	TRBV12-4	TRBJ2-5	CASSATDMHETQYF
AAAAAAAAAAACCTCA	TRA	TRAV13-1	TRAJ54	CAERRIQGAQKLVF
AAAAAAAAAAACCTCA	TRB	TRBV20-1	TRBJ2-4	CSAAPGTVEGAKNIQYF
AAAAAAAAAAACCTCC	TRA	TRAV14DV4	TRAJ26	CAMRSARNYGQNFVF
AAAAAAAAAAACCTCC	TRB	TRBV20-1	TRBJ2-5	CSPGDSGIVETQYF
AAAAAAAAAAACCTCG	TRA	TRAV29DV5	TRAJ45	CAASLASGGGADGLTF
AAAAAAAAAAACCTCG	TRB	TRBV15	TRBJ2-1	CATEQGGSPSYNEQFF
AAAAAAAAAAACCTCT	TRA	TRAV12-3	TRAJ11	CARGANSGYSTLTF
AAAAAAAAAAACCTCT	TRB	TRBV5-1	TRBJ2-2	CASSPGASTGELFF
AAAAAAAAAAACCTGA	TRA	TRAV19	TRAJ40	CALSDPFGSGTYKYIF
AAAAAAAAAAACCTGA	TRB	TRBV5-1	TRBJ2-4	CASSESAAAKNIQYF
AAAAAAAAAAACCTGC	TRA	TRAV14DV4	TRAJ5	CAMETTDTGRRALTF
AAAAAAAAAAACCTGC	TRB	TRBV7-9	TRBJ2-2	CASSTRSLGLNTGELFF
AAAAAAAAAAACCTGG	TRA	TRAV21	TRAJ43	CANRNNNDMRF
AAAAAAAAAAACCTGG	TRB	TRBV5-4	TRBJ2-5	CAGDRASVGSQETQYF
AAAAAAAAAAACCTGT	TRA	TRAV8-1	TRAJ13	CASVKGGGYQKVTF
AAAAAAAAAAACCTGT	TRB	TRBV7-2	TRBJ2-4	CASSLSGGEGTAKNIQYF
AAAAAAAAAAACCTTA	TRA	TRAV14DV4	TRAJ38	CSARNAGNNRKLIW
AAAAAAAAAAACCTTA	TRB	TRBV27	TRBJ1-2	CASSWQDLNYGYTF
AAAAAAAAAAACCTTC	TRA	TRAV38-2DV8	TRAJ32	CAYDIDNYGGATNKLIF
AAAAAAAAAAACCTTC	TRB	TRBV10-2	TRBJ1-1	CASSTGNTEAFF
AAAAAAAAAAACCTTG	TRA	TRAV22	TRAJ49	CAVVRTGNQFYF
AAAAAAAAAAACCTTG	TRB	TRBV2	TRBJ2-1	CASGSYNEQFF
AAAAAAAAAAACCTTT	TRA	TRAV19	TRAJ53	CAAWHGGSNYKLTF
AAAAAAAAAAACCTTT	TRB	TRBV7-6	TRBJ1-2	CASSGGTSQVYNYGYTF
AAAAAAAAAAACGAAA	TRA	TRAV38-2DV8	TRAJ56	CAYRSGSTGANSKLTF
AAAAAAAAAAACGAAA	TRB	TRBV27	TRBJ1-5	CASSNSGPEYNQPQHF
AAAAAAAAAAACGAAC	TRA	TRAV3	TRAJ29	CAVSERGSGNTPLVF
AAAAAAAAAAACGAAC	TRB	TRBV20-1	TRBJ1-2	CSAGGSAYGYTF
AAAAAAAAAAACGAAG	TRA	TRAV8-6	TRAJ53	CAVQVGANSGGSNYKLTF
AAAAAAAAAAACGAAG	TRB	TRBV19	TRBJ2-3	CADGIGSTDTQYF
AAAAAAAAAAACGAAT	TRA	TRAV29DV5	TRAJ34	CAASQPTTDKLIF
AAAAAAAAAAACGAAT	TRB	TRBV7-6	TRBJ2-7	CASSAGDRGSYSYEQYF
AAAAAAAAAAACGACA	TRA	TRAV9-2	TRAJ5	CAVDADTGRRALTF
AAAAAAAAAAACGACA	TRB	TRBV6-5	TRBJ1-6	CASRTGWARGYNSPLHF
AAAAAAAAAAACGACC	TRA	TRAV8-2	TRAJ49	CSYNTGNQFYF
AAAAAAAAAAACGACC	TRB	TRBV7-9	TRBJ2-1	CARQTGGARNEQFF
AAAAAAAAAAACGACG	TRA	TRAV13-1	TRAJ23	CAAKVAWYNQGGKLIF
AAAAAAAAAAACGACG	TRB	TRBV28	TRBJ2-3	CASAQGTDTQYF
AAAAAAAAAAACGACT	TRA	TRAV29DV5	TRAJ49	CAIRTGNQFYF
AAAAAAAAAAACGACT	TRB	TRBV7-2	TRBJ1-3	CASGGVGNTIYF
AAAAAAAAAAACGAGA	TRA	TRAV16	TRAJ42	CADGKNYGGSQGNLIF
AAAAAAAAAAACGAGA	TRB	TRBV29-1	TRBJ1-2	CSPSGVANYGYTF
AAAAAAAAAAACGAGC	TRA	TRAV13-2	TRAJ29	CNNDSGNTPLVF
AAAAAAAAAAACGAGC	TRB	TRBV12-4	TRBJ2-1	CASKTGTWGSYNEQFF
AAAAAAAAAAACGAGG	TRA	TRAV39	TRAJ58	CASPGRGETSGSRLTF
AAAAAAAAAAACGAGG	TRB	TRBV6-5	TRBJ2-7	CASSSRRFRSYEQYF
AAAAAAAAAAACGAGT	TRA	TRAV10	TRAJ42	CVVQLNYGGSQGNLIF
AAAAAAAAAAACGAGT	TRB	TRBV6-2	TRBJ1-5	CASPGKTKSNQPQHF
AAAAAAAAAAACGATA	TRA	TRAV3	TRAJ43	CAVRLIPNDMRF
AAAAAAAAAAACGATA	TRB	TRBV19	TRBJ1-6	CASTIQTGAYNSPLHF
AAAAAAAAAAACGATC	TRA	TRAV38-2DV8	TRAJ48	CAYRESSNFGNEKLTF
AAAAAAAAAAACGATC	TRB	TRBV20-1	TRBJ1-6	CSADDQVRSYNSPLHF
AAAAAAAAAAACGATG	TRA	TRAV5	TRAJ40	VPASGTYKYIF
AAAAAAAAAAACGATG	TRB	TRBV12-4	TRBJ2-5	CASSGQGGGTRQETQYF
AAAAAAAAAAACGATT	TRA	TRAV27	TRAJ41	HNASNSGYALNF
AAAAAAAAAAACGATT	TRB	TRBV6-5	TRBJ2-1	CAGRAYNEQFF
AAAAAAAAAAACGCAA	TRA	TRAV19	TRAJ58	CAIAIETSGSRLTF
AAAAAAAAAAACGCAA	TRB	TRBV12-3	TRBJ1-3	CASSITAPSNSGNTIYF
AAAAAAAAAAACGCAC	TRA	TRAV13-1	TRAJ43	CDLFDNNNDMRF
AAAAAAAAAAACGCAC	TRB	TRBV19	TRBJ1-1	CASSGFGEGEAINTEAFF
AAAAAAAAAAACGCAG	TRA	TRAV12-3	TRAJ42	CAMDLFSQGNLIF
AAAAAAAAAAACGCAG	TRB	TRBV7-2	TRBJ1-1	CASRLGDEEFF
AAAAAAAAAAACGCAT	TRA	TRAV8-3	TRAJ27	CAVVGVMTNAGKSTF
AAAAAAAAAAACGCAT	TRB	TRBV7-2	TRBJ2-2	CASSDQKGAYNTGELFF
AAAAAAAAAAACGCCA	TRA	TRAV8-6	TRAJ23	CATRIYNQGGKLIF
AAAAAAAAAAACGCCA	TRB	TRBV3-1	TRBJ2-2	CALLAGNNTGELFF
AAAAAAAAAAACGCCC	TRA	TRAV12-2	TRAJ9	CASADTGGFKTIF
AAAAAAAAAAACGCCC	TRB	TRBV28	TRBJ2-3	CASSGFTSSDTQYF
AAAAAAAAAAACGCCG	TRA	TRAV20	TRAJ54	CAVATIQGAQKLVF
AAAAAAAAAAACGCCG	TRB	TRBV28	TRBJ1-2	CASSRTLGPYGYTF
AAAAAAAAAAACGCCT	TRA	TRAV21	TRAJ58	CATMETSGSRLTF
AAAAAAAAAAACGCCT	TRB	TRBV30	TRBJ2-1	CADLGGSYNEQFF
AAAAAAAAAAACGCGA	TRA	TRAV12-2	TRAJ12	CAEKGMDSSYKLIF
AAAAAAAAAAACGCGA	TRB	TRBV6-1	TRBJ2-2	CASSLGTENTGELFF
AAAAAAAAAAACGCGC	TRA	TRAV41	TRAJ34	CAVEGYNTDKLIF
AAAAAAAAAAACGCGC	TRB	TRBV20-1	TRBJ2-4	CSATSGAGGAKNIQYF
AAAAAAAAAAACGCGG	TRA	TRAV13-1	TRAJ42	CAKANYGGSQGNLIF
AAAAAAAAAAACGCGG	TRB	TRBV7-9	TRBJ1-4	CASGGNETNEKLFF
AAAAAAAAAAACGCGT	TRA	TRAV12-2	TRAJ9	CAVEKNTGGFKTIF
AAAAAAAAAAACGCGT	TRB	TRBV11-1	TRBJ1-1	CASSSVTGERNTEAFF
AAAAAAAAAAACGCTA	TRA	TRAV16	TRAJ47	CALGAEYGNKLVF
AAAAAAAAAAACGCTA	TRB	TRBV4-1	TRBJ1-1	CASTQFGGTEAFF
AAAAAAAAAAACGCTC	TRA	TRAV19	TRAJ39	CALNLSNNNAGNMLTF
AAAAAAAAAAACGCTC	TRB	TRBV3-1	TRBJ1-1	CASSITTGVKQNTEAFF
AAAAAAAAAAACGCTG	TRA	TRAV19	TRAJ34	CALSNIRPSYNTDKLIF
AAAAAAAAAAACGCTG	TRB	TRBV20-1	TRBJ2-4	CSADIGGKNIQYF
AAAAAAAAAAACGCTT	TRA	TRAV14DV4	TRAJ13	CAMAPGRYQKVTF
AAAAAAAAAAACGCTT	TRB	TRBV30	TRBJ1-1	CAWRARQGFNTEAFF
AAAAAAAAAAACGGAA	TRA	TRAV8-3	TRAJ48	CALRSNFGNEKLTF
AAAAAAAAAAACGGAA	TRB	TRBV7-2	TRBJ2-7	CASWDGYEQYF
AAAAAAAAAAACGGAC	TRA	TRAV21	TRAJ17	CAVSLRLIKAAGNKLTF
AAAAAAAAAAACGGAC	TRB	TRBV20-1	TRBJ2-1	CSADSGSYNEQFF
AAAAAAAAAAACGGAG	TRA	TRAV27	TRAJ17	CASHIKAAGNKLTF
AAAAAAAAAAACGGAG	TRB	TRBV29-1	TRBJ2-1	CSGTGQTSYNEQFF
AAAAAAAAAAACGGAT	TRA	TRAV34	TRAJ54	CGAEPQGAQKLVF
AAAAAAAAAAACGGAT	TRB	TRBV5-1	TRBJ2-1	CASTADSGGSYNEQFF
AAAAAAAAAAACGGCA	TRA	TRAV14DV4	TRAJ5	CAMRSTLADTGRRALTF
AAAAAAAAAAACGGCA	TRB	TRBV12-3	TRBJ1-1	CASSSSGPPNTEAFF
AAAAAAAAAAACGGCC	TRA	TRAV1-1	TRAJ10	CAVNDQTGGGNKLTF
AAAAAAAAAAACGGCC	TRB	TRBV6-6	TRBJ1-1	CASSDFPSLGRYTEAFF
AAAAAAAAAAACGGCG	TRA	TRAV21	TRAJ37	CAVSRGRESSNTGKLIF
AAAAAAAAAAACGGCG	TRB	TRBV2	TRBJ1-3	CASSPVTYYSGNTIYF
AAAAAAAAAAACGGCT	TRA	TRAV12-2	TRAJ12	CAVPARSSYKLIF
AAAAAAAAAAACGGCT	TRB	TRBV20-1	TRBJ1-1	CSFPGNNTEAFF
AAAAAAAAAAACGGGA	TRA	TRAV1-2	TRAJ33	CVDSNYQLIW
AAAAAAAAAAACGGGA	TRB	TRBV12-4	TRBJ2-3	CASRRYSPGLTDTQYF
AAAAAAAAAAACGGGC	TRA	TRAV9-2	TRAJ53	CALPMGGSNYKLTF
AAAAAAAAAAACGGGC	TRB	TRBV6-2	TRBJ2-3	CASSLRPGRYGATDTQYF
AAAAAAAAAAACGGGG	TRA	TRAV9-2	TRAJ42	CATIPTYNYGGSQGNLIF
AAAAAAAAAAACGGGG	TRB	TRBV6-6	TRBJ1-1	CASMGSGSGNTEAFF
AAAAAAAAAAACGGGT	TRA	TRAV41	TRAJ22	CARPTEGSARQLTF
AAAAAAAAAAACGGGT	TRB	TRBV20-1	TRBJ2-7	CSVLPRRSTGSYEQYF
AAAAAAAAAAACGGTA	TRA	TRAV8-3	TRAJ40	CAVSRFEATSGTYKYIF
AAAAAAAAAAACGGTA	TRB	TRBV6-5	TRBJ1-3	CASSRRGDGANSGNTIYF
AAAAAAAAAAACGGTC	TRA	TRAV8-2	TRAJ23	CVDEKIYNQGGKLIF
AAAAAAAAAAACGGTC	TRB	TRBV28	TRBJ2-7	CASQKGGPGIYEQYF
AAAAAAAAAAACGGTG	TRA	TRAV2	TRAJ37	CAVSESGYGSSNTGKLIF
AAAAAAAAAAACGGTG	TRB	TRBV18	TRBJ2-2	CASSFAGGPATGELFF
AAAAAAAAAAACGGTT	TRA	TRAV21	TRAJ44	CAVQARPTGTASKLTF
AAAAAAAAAAACGGTT	TRB	TRBV12-3	TRBJ1-1	CADGLNTEAFF
AAAAAAAAAAACGTAA	TRA	TRAV12-3	TRAJ53	CSNGNSGGSNYKLTF
AAAAAAAAAAACGTAA	TRB	TRBV4-1	TRBJ2-7	CASSWTQSSYEQYF
AAAAAAAAAAACGTAC	TRA	TRAV4	TRAJ24	CLVGSRETTDSWGKFQF
AAAAAAAAAAACGTAC	TRB	TRBV2	TRBJ1-1	CASEDGGNTEAFF
AAAAAAAAAAACGTAG	TRA	TRAV12-2	TRAJ9	KPNTGGFKTIF
AAAAAAAAAAACGTAG	TRB	TRBV7-2	TRBJ2-7	CASRTAFTSYEQYF
AAAAAAAAAAACGTAT	TRA	TRAV14DV4	TRAJ33	CGALDSNYQLIW
AAAAAAAAAAACGTAT	TRB	TRBV19	TRBJ2-2	CASSPGTPNNNTGELFF
AAAAAAAAAAACGTCA	TRA	TRAV26-1	TRAJ17	CIVRGAAKAAGNKLTF
AAAAAAAAAAACGTCA	TRB	TRBV5-1	TRBJ2-3	CASSASTPRMDTQYF
AAAAAAAAAAACGTCC	TRA	TRAV29DV5	TRAJ24	CAAGVLGTDSWGKFQF
AAAAAAAAAAACGTCC	TRB	TRBV13	TRBJ2-7	CASSTGRGFSYEQYF
AAAAAAAAAAACGTCG	TRA	TRAV26-1	TRAJ50	CIVVASRTSYDKVIF
AAAAAAAAAAACGTCG	TRB	TRBV5-6	TRBJ1-2	CASGTGRGGGYTF
AAAAAAAAAAACGTCT	TRA	TRAV17	TRAJ29	CGFRSGNTPLVF
AAAAAAAAAAACGTCT	TRB	TRBV4-2	TRBJ2-3	CASSFPGAVDTDTQYF
AAAAAAAAAAACGTGA	TRA	TRAV12-1	TRAJ44	CVSNTGTASKLTF
AAAAAAAAAAACGTGA	TRB	TRBV6-1	TRBJ2-7	CASALGLGNSYEQYF
AAAAAAAAAAACGTGC	TRA	TRAV13-1	TRAJ9	CARGHNTGGFKTIF
AAAAAAAAAAACGTGC	TRB	TRBV20-1	TRBJ2-4	CSASGGNRGFAKNIQYF
AAAAAAAAAAACGTGG	TRA	TRAV38-1	TRAJ56	CAFMDAIYTGANSKLTF
AAAAAAAAAAACGTGG	TRB	TRBV28	TRBJ2-3	CASSTRERTGALDTQYF
AAAAAAAAAAACGTGT	TRA	TRAV30	TRAJ28	CGSLLYSGAGSYQLTF
AAAAAAAAAAACGTGT	TRB	TRBV10-2	TRBJ2-3	CASSIGGGAQRSTDTQYF
AAAAAAAAAAACGTTA	TRA	TRAV6	TRAJ24	CAGAATTDSWGKFQF
AAAAAAAAAAACGTTA	TRB	TRBV19	TRBJ2-6	CASSDPSGGEAGANVLTF
AAAAAAAAAAACGTTC	TRA	TRAV17	TRAJ48	CATQLVHLSNFGNEKLTF
AAAAAAAAAAACGTTC	TRB	TRBV18	TRBJ1-1	CASQDDGSNTEAFF
AAAAAAAAAAACGTTG	TRA	TRAV21	TRAJ58	CAKSHETSGSRLTF
AAAAAAAAAAACGTTG	TRB	TRBV11-1	TRBJ2-3	CASGRAGTDTQYF
AAAAAAAAAAACGTTT	TRA	TRAV13-1	TRAJ11	CASAPGGKSGYSTLTF
AAAAAAAAAAACGTTT	TRB	TRBV7-4	TRBJ2-2	CASRGPDNTGELFF
AAAAAAAAAAACTAAA	TRA	TRAV20	TRAJ23	CAGGIYNQGGKLIF
AAAAAAAAAAACTAAA	TRB	TRBV12-4	TRBJ1-5	CASARGLPSTSNQPQHF
AAAAAAAAAAACTAAC	TRA	TRAV13-2	TRAJ49	CEKNTGNQFYF
AAAAAAAAAAACTAAC	TRB	TRBV6-2	TRBJ2-5	CASLVAAGVGETQYF
AAAAAAAAAAACTAAG	TRA	TRAV41	TRAJ45	CAEYSGGGADGLTF
AAAAAAAAAAACTAAG	TRB	TRBV5-6	TRBJ1-2	CASSPGPQVAGGYGYTF
AAAAAAAAAAACTAAT	TRA	TRAV12-2	TRAJ27	CAVTNTNAGKSTF
AAAAAAAAAAACTAAT	TRB	TRBV14	TRBJ2-2	CASSFMNTGELFF
AAAAAAAAAAACTACA	TRA	TRAV39	TRAJ45	CDGYSGGGADGLTF
AAAAAAAAAAACTACA	TRB	TRBV18	TRBJ2-1	CASSRGQSTSYNEQFF
AAAAAAAAAAACTACC	TRA	TRAV12-3	TRAJ53	CAFELENSGGSNYKLTF
AAAAAAAAAAACTACC	TRB	TRBV18	TRBJ2-7	CAHWTGGRASYEQYF
AAAAAAAAAAACTACG	TRA	TRAV16	TRAJ56	CALGASYTGANSKLTF
AAAAAAAAAAACTACG	TRB	TRBV20-1	TRBJ2-1	CSAPGGGYNEQFF
AAAAAAAAAAACTACT	TRA	TRAV8-2	TRAJ49	CVVNTANTGNQFYF
AAAAAAAAAAACTACT	TRB	TRBV4-1	TRBJ1-6	CASRRGSHSYNSPLHF
AAAAAAAAAAACTAGA	TRA	TRAV17	TRAJ48	CVGSNFGNEKLTF
AAAAAAAAAAACTAGA	TRB	TRBV6-6	TRBJ1-5	CASSITPSLGRSNQPQHF
AAAAAAAAAAACTAGC	TRA	TRAV13-1	TRAJ42	CAKEYGGSQGNLIF
AAAAAAAAAAACTAGC	TRB	TRBV6-5	TRBJ1-2	CASSDGRGLNYGYTF
AAAAAAAAAAACTAGG	TRA	TRAV26-1	TRAJ52	CINPPGTSYGKLTF
AAAAAAAAAAACTAGG	TRB	TRBV30	TRBJ1-5	CARLTSNQPQHF
AAAAAAAAAAACTAGT	TRA	TRAV10	TRAJ7	CVVSYIYGNNRLAF
AAAAAAAAAAACTAGT	TRB	TRBV14	TRBJ1-6	CASSQNYNSPLHF
AAAAAAAAAAACTATA	TRA	TRAV8-4	TRAJ11	CATGSGYSTLTF
AAAAAAAAAAACTATA	TRB	TRBV20-1	TRBJ2-7	CSASLTTGSYEQYF
AAAAAAAAAAACTATC	TRA	TRAV5	TRAJ29	CTMNSGNTPLVF
AAAAAAAAAAACTATC	TRB	TRBV11-1	TRBJ1-5	CASQTLLWASNQPQHF
AAAAAAAAAAACTATG	TRA	TRAV13-1	TRAJ17	CAASRPIIKAAGNKLTF
AAAAAAAAAAACTATG	TRB	TRBV13	TRBJ2-7	CALDFAGSYEQYF
AAAAAAAAAAACTATT	TRA	TRAV29DV5	TRAJ39	CDALNNNAGNMLTF
AAAAAAAAAAACTATT	TRB	TRBV29-1	TRBJ1-2	CSALRLQDTNNYGYTF
AAAAAAAAAAACTCAA	TRA	TRAV14DV4	TRAJ49	CAKASVNTGNQFYF
AAAAAAAAAAACTCAA	TRB	TRBV7-9	TRBJ2-7	CASSGTSYEQYF
AAAAAAAAAAACTCAC	TRA	TRAV13-1	TRAJ3	CAPSGGAASKIIF
AAAAAAAAAAACTCAC	TRB	TRBV28	TRBJ1-1	CASSDRASDTEAFF
AAAAAAAAAAACTCAG	TRA	TRAV6	TRAJ9	CASYGPGNTGGFKTIF
AAAAAAAAAAACTCAG	TRB	TRBV6-6	TRBJ2-7	CASRTRAPSYEQYF
AAAAAAAAAAACTCAT	TRA	TRAV12-3	TRAJ18	CAMSKSSDRGSTLGRLYF
AAAAAAAAAAACTCAT	TRB	TRBV20-1	TRBJ2-7	CSATPLLGPDEQYF
AAAAAAAAAAACTCCA	TRA	TRAV1-2	TRAJ33	CSDSNYQLIW
AAAAAAAAAAACTCCA	TRB	TRBV7-9	TRBJ2-7	CASSPGGASYEQYF
AAAAAAAAAAACTCCC	TRA	TRAV19	TRAJ54	CALSIGHQGAQKLVF
AAAAAAAAAAACTCCC	TRB	TRBV10-3	TRBJ2-7	CAIALSGYSYEQYF
AAAAAAAAAAACTCCG	TRA	TRAV3	TRAJ21	CAVRSINFNKFYF
AAAAAAAAAAACTCCG	TRB	TRBV7-9	TRBJ1-6	CASKLDGLTYNSPLHF
AAAAAAAAAAACTCCT	TRA	TRAV19	TRAJ18	CALSAHDRGSTLGRLYF
AAAAAAAAAAACTCCT	TRB	TRBV6-2	TRBJ2-4	CASSITEGRAKNIQYF
AAAAAAAAAAACTCGA	TRA	TRAV1-1	TRAJ23	CAVADKEKSIYNQGGKLIF
AAAAAAAAAAACTCGA	TRB	TRBV28	TRBJ2-2	CASALTARRGTGELFF
AAAAAAAAAAACTCGC	TRA	TRAV14DV4	TRAJ9	CAMSTGGGNTGGFKTIF
AAAAAAAAAAACTCGC	TRB	TRBV4-1	TRBJ2-3	CASAVRNPTQYF
AAAAAAAAAAACTCGG	TRA	TRAV17	TRAJ58	CATRAETSGSRLTF
AAAAAAAAAAACTCGG	TRB	TRBV20-1	TRBJ2-7	CSAPTEVSYEQYF
AAAAAAAAAAACTCGT	TRA	TRAV8-3	TRAJ43	CAVPPPNNDMRF
AAAAAAAAAAACTCGT	TRB	TRBV5-4	TRBJ2-6	CASSPRGEGANVLTF
AAAAAAAAAAACTCTA	TRA	TRAV12-1	TRAJ48	CVISNFGNEKLTF
AAAAAAAAAAACTCTA	TRB	TRBV2	TRBJ1-1	CASKQRGRGSNAFF
AAAAAAAAAAACTCTC	TRA	TRAV8-4	TRAJ9	CANQTGGFKTIF
AAAAAAAAAAACTCTC	TRB	TRBV4-1	TRBJ2-3	CASSMGGDTQYF
AAAAAAAAAAACTCTG	TRA	TRAV12-2	TRAJ48	CAVRGKGNFGNEKLTF
AAAAAAAAAAACTCTG	TRB	TRBV20-1	TRBJ2-3	CSAGDTWLITDTQYF
AAAAAAAAAAACTCTT	TRA	TRAV21	TRAJ57	CAYTQGGSEKLVF
AAAAAAAAAAACTCTT	TRB	TRBV14	TRBJ2-2	CASKGTTGGNTGELFF
AAAAAAAAAAACTGAA	TRA	TRAV4	TRAJ29	CLVGIPQPNSGNTPLVF
AAAAAAAAAAACTGAA	TRB	TRBV30	TRBJ1-3	CAWRGVLGSSNTIYF
AAAAAAAAAAACTGAC	TRA	TRAV8-3	TRAJ23	CAVGYMIYNQGGKLIF
AAAAAAAAAAACTGAC	TRB	TRBV27	TRBJ2-7	CASSGPAGSYEQYF
AAAAAAAAAAACTGAG	TRA	TRAV24	TRAJ37	CAGASSNTGKLIF
AAAAAAAAAAACTGAG	TRB	TRBV24-1	TRBJ1-2	CATSDSGTSNYGYTF
AAAAAAAAAAACTGAT	TRA	TRAV3	TRAJ28	CSPDYSGAGSYQLTF
AAAAAAAAAAACTGAT	TRB	TRBV20-1	TRBJ2-7	CSFTRGGGSSYEQYF
AAAAAAAAAAACTGCA	TRA	TRAV3	TRAJ18	CAVRVGRDRGSTLGRLYF
AAAAAAAAAAACTGCA	TRB	TRBV6-1	TRBJ2-7	CASSRSLASYEQYF
AAAAAAAAAAACTGCC	TRA	TRAV1-2	TRAJ33	EAPDSNYQLIW
AAAAAAAAAAACTGCC	TRB	TRBV29-1	TRBJ1-5	CSVASAGSNQPQHF
AAAAAAAAAAACTGCG	TRA	TRAV19	TRAJ52	CKNAGGTSYGKLTF
AAAAAAAAAAACTGCG	TRB	TRBV15	TRBJ1-6	CATLGGEDYNSPLHF
AAAAAAAAAAACTGCT	TRA	TRAV26-1	TRAJ44	CIVRQRDGTASKLTF
AAAAAAAAAAACTGCT	TRB	TRBV4-2	TRBJ1-6	CASRGGSWHSYNSPLHF
AAAAAAAAAAACTGGA	TRA	TRAV12-2	TRAJ33	CANPSNYQLIW
AAAAAAAAAAACTGGA	TRB	TRBV11-3	TRBJ2-5	CASSRRGDGGGQETQYF
AAAAAAAAAAACTGGC	TRA	TRAV27	TRAJ5	CADGEDTGRRALTF
AAAAAAAAAAACTGGC	TRB	TRBV19	TRBJ1-5	CARRPINQPQHF
AAAAAAAAAAACTGGG	TRA	TRAV17	TRAJ48	CAESNFGNEKLTF
AAAAAAAAAAACTGGG	TRB	TRBV19	TRBJ2-1	CASPILQAQGESYNEQFF
AAAAAAAAAAACTGGT	TRA	TRAV21	TRAJ9	CAVNPRDGGFKTIF
AAAAAAAAAAACTGGT	TRB	TRBV12-4	TRBJ2-3	CASSATGGGTDTQYF
AAAAAAAAAAACTGTA	TRA	TRAV1-2	TRAJ24	CDRSATDSWGKFQF
AAAAAAAAAAACTGTA	TRB	TRBV20-1	TRBJ1-5	CSAIGDWGGSNQPQHF
AAAAAAAAAAACTGTC	TRA	TRAV12-2	TRAJ9	CAVDGPGTGGFKTIF
AAAAAAAAAAACTGTC	TRB	TRBV6-5	TRBJ2-2	CASGTQGGGTYSTGELFF
AAAAAAAAAAACTGTG	TRA	TRAV38-2DV8	TRAJ43	CAYRSLNNNDMRF
AAAAAAAAAAACTGTG	TRB	TRBV6-6	TRBJ2-3	CASPVSSVADTQYF
AAAAAAAAAAACTGTT	TRA	TRAV22	TRAJ57	CANQMTQGGSEKLVF
AAAAAAAAAAACTGTT	TRB	TRBV5-4	TRBJ1-2	CASEGTVAGGNYGYTF
AAAAAAAAAAACTTAA	TRA	TRAV14DV4	TRAJ34	CAMPGMTTDKLIF
AAAAAAAAAAACTTAA	TRB	TRBV11-1	TRBJ2-5	CASSDQGRETQYF
AAAAAAAAAAACTTAC	TRA	TRAV38-2DV8	TRAJ31	CAYRSGSFSNNARLMF
AAAAAAAAAAACTTAC	TRB	TRBV6-2	TRBJ1-1	CASSGGGGVGNTEAFF
AAAAAAAAAAACTTAG	TRA	TRAV38-1	TRAJ36	CAFAIREQTGANNLFF
AAAAAAAAAAACTTAG	TRB	TRBV5-1	TRBJ2-5	CARPFSVRTQETQYF
AAAAAAAAAAACTTAT	TRA	TRAV12-2	TRAJ9	CADVVATGGFKTIF
AAAAAAAAAAACTTAT	TRB	TRBV12-3	TRBJ1-2	CASFRQLDYNYGYTF
